id,availability,availability_date
BUNK-POLA-WHITE-R-NM,backorder,2026-06-01T00:00:00+00:00
BUNK-POLA-WHITE-R-FM,backorder,2026-06-01T00:00:00+00:00
BUNK-POLA-WHITE-R-BM,backorder,2026-06-01T00:00:00+00:00
BUNK-POLA-GREY-R-NM,backorder,2026-06-01T00:00:00+00:00
BUNK-POLA-GREY-R-FM,backorder,2026-06-01T00:00:00+00:00
BUNK-POLA-GREY-R-BM,backorder,2026-06-01T00:00:00+00:00
BUNK-MINI-WHITE-NM,backorder,2026-06-01T00:00:00+00:00
BUNK-MINI-WHITE-FM,backorder,2026-06-01T00:00:00+00:00
BUNK-MINI-WHITE-BM,backorder,2026-06-01T00:00:00+00:00
BUNK-MINI-GREY-NM,backorder,2026-06-01T00:00:00+00:00
BUNK-MINI-GREY-FM,backorder,2026-06-01T00:00:00+00:00
BUNK-MINI-GREY-BM,backorder,2026-06-01T00:00:00+00:00
LOFT-OTYLIA-GREY-NM,backorder,2026-06-01T00:00:00+00:00
LOFT-OTYLIA-GREY-FM,backorder,2026-06-01T00:00:00+00:00
LOFT-OTYLIA-GREY-BM,backorder,2026-06-01T00:00:00+00:00
LOFT-OTYLIA-WHITE-NM,backorder,2026-06-01T00:00:00+00:00
LOFT-OTYLIA-WHITE-FM,backorder,2026-06-01T00:00:00+00:00
LOFT-OTYLIA-WHITE-BM,backorder,2026-06-01T00:00:00+00:00
LOFT-MIA-PINE-NM,backorder,2026-06-01T00:00:00+00:00
LOFT-MIA-PINE-FM,backorder,2026-06-01T00:00:00+00:00
LOFT-MIA-PINE-BM,backorder,2026-06-01T00:00:00+00:00
LOFT-MIA-GREY-NM,backorder,2026-06-01T00:00:00+00:00
LOFT-MIA-GREY-FM,backorder,2026-06-01T00:00:00+00:00
LOFT-MIA-GREY-BM,backorder,2026-06-01T00:00:00+00:00
LOFT-LAURA-PINE-NM,backorder,2026-06-01T00:00:00+00:00
LOFT-LAURA-PINE-FM,backorder,2026-06-01T00:00:00+00:00
LOFT-LAURA-PINE-BM,backorder,2026-06-01T00:00:00+00:00
LOFT-LAURA-GREY-NM,backorder,2026-06-01T00:00:00+00:00
LOFT-LAURA-GREY-FM,backorder,2026-06-01T00:00:00+00:00
LOFT-LAURA-GREY-BM,backorder,2026-06-01T00:00:00+00:00
LOFT-LAURA-WHITE-NM,backorder,2026-06-01T00:00:00+00:00
LOFT-LAURA-WHITE-FM,backorder,2026-06-01T00:00:00+00:00
LOFT-LAURA-WHITE-BM,backorder,2026-06-01T00:00:00+00:00
LOFT-GLORIA-PINE-NM,backorder,2026-06-01T00:00:00+00:00
LOFT-GLORIA-PINE-FM,backorder,2026-06-01T00:00:00+00:00
LOFT-GLORIA-PINE-BM,backorder,2026-06-01T00:00:00+00:00
LOFT-GLORIA-GREY-NM,backorder,2026-06-01T00:00:00+00:00
LOFT-GLORIA-GREY-FM,backorder,2026-06-01T00:00:00+00:00
LOFT-GLORIA-GREY-BM,backorder,2026-06-01T00:00:00+00:00
BUNK-LEA-GREY-NM,backorder,2026-06-01T00:00:00+00:00
BUNK-LEA-GREY-FM,backorder,2026-06-01T00:00:00+00:00
BUNK-LEA-GREY-BM,backorder,2026-06-01T00:00:00+00:00
BUNK-DALIA-GREY-R-NM,backorder,2026-06-01T00:00:00+00:00
BUNK-DALIA-GREY-R-FM,backorder,2026-06-01T00:00:00+00:00
BUNK-DALIA-GREY-R-BM,backorder,2026-06-01T00:00:00+00:00
BUNK-DALIA-PINE-R-NM,backorder,2026-06-01T00:00:00+00:00
BUNK-DALIA-PINE-R-FM,backorder,2026-06-01T00:00:00+00:00
BUNK-DALIA-PINE-R-BM,backorder,2026-06-01T00:00:00+00:00
BUNK-ALEX-PINE-R-NM,backorder,2026-06-01T00:00:00+00:00
BUNK-ALEX-PINE-R-FM,backorder,2026-06-01T00:00:00+00:00
BUNK-ALEX-PINE-R-BM,backorder,2026-06-01T00:00:00+00:00
BUNK-ALEX-GREY-R-NM,backorder,2026-06-01T00:00:00+00:00
BUNK-ALEX-GREY-R-FM,backorder,2026-06-01T00:00:00+00:00
BUNK-ALEX-GREY-R-BM,backorder,2026-06-01T00:00:00+00:00
BUNK-TED-WHITE-R-FM,backorder,2026-06-01T00:00:00+00:00
BUNK-TED-WHITE-R-BM,backorder,2026-06-01T00:00:00+00:00
BUNK-SEWERYN-WHITE-R-NM,backorder,2026-06-01T00:00:00+00:00
BUNK-SEWERYN-WHITE-R-FM,backorder,2026-06-01T00:00:00+00:00
BUNK-SEWERYN-GRAPHITE-R-NM,backorder,2026-06-01T00:00:00+00:00
BUNK-SEWERYN-GRAPHITE-R-FM,backorder,2026-06-01T00:00:00+00:00
BUNK-SEWERYN-PINE-R-NM,backorder,2026-06-01T00:00:00+00:00
BUNK-SEWERYN-PINE-R-FM,backorder,2026-06-01T00:00:00+00:00
BUNK-SEWERYN-WHITE-R-BM,backorder,2026-06-01T00:00:00+00:00
BUNK-SEWERYN-GRAPHITE-R-BM,backorder,2026-06-01T00:00:00+00:00
BUNK-SEWERYN-PINE-R-BM,backorder,2026-06-01T00:00:00+00:00
BUNK-SEWERYN-GREY-R-NM,backorder,2026-06-01T00:00:00+00:00
BUNK-SEWERYN-GREY-R-FM,backorder,2026-06-01T00:00:00+00:00
BUNK-SEWERYN-GREY-R-BM,backorder,2026-06-01T00:00:00+00:00
BUNK-TOMI-WHITE-R-NM,backorder,2026-06-01T00:00:00+00:00
BUNK-TOMI-WHITE-R-FM,backorder,2026-06-01T00:00:00+00:00
BUNK-TOMI-GRAPHITE-R-NM,backorder,2026-06-01T00:00:00+00:00
BUNK-TOMI-GRAPHITE-R-FM,backorder,2026-06-01T00:00:00+00:00
BUNK-TOMI-PINE-R-NM,backorder,2026-06-01T00:00:00+00:00
BUNK-TOMI-PINE-R-FM,backorder,2026-06-01T00:00:00+00:00
BUNK-TOMI-WHITE-R-BM,backorder,2026-06-01T00:00:00+00:00
BUNK-TOMI-GRAPHITE-R-BM,backorder,2026-06-01T00:00:00+00:00
BUNK-TOMI-PINE-R-BM,backorder,2026-06-01T00:00:00+00:00
BUNK-VIKI-WHITE-L-NM,backorder,2026-06-01T00:00:00+00:00
BUNK-VIKI-WHITE-L-FM,backorder,2026-06-01T00:00:00+00:00
BUNK-VIKI-GRAPHITE-R-NM,backorder,2026-06-01T00:00:00+00:00
BUNK-VIKI-GRAPHITE-R-FM,backorder,2026-06-01T00:00:00+00:00
BUNK-VIKI-PINE-R-NM,backorder,2026-06-01T00:00:00+00:00
BUNK-VIKI-PINE-R-FM,backorder,2026-06-01T00:00:00+00:00
BUNK-VIKI-WHITE-L-BM,backorder,2026-06-01T00:00:00+00:00
BUNK-VIKI-GRAPHITE-R-BM,backorder,2026-06-01T00:00:00+00:00
BUNK-VIKI-PINE-R-BM,backorder,2026-06-01T00:00:00+00:00
BUNK-VIKI-GREY-R-NM,backorder,2026-06-01T00:00:00+00:00
BUNK-VIKI-GREY-R-FM,backorder,2026-06-01T00:00:00+00:00
BUNK-VIKI-GREY-R-BM,backorder,2026-06-01T00:00:00+00:00
BUNK-SEBUS-WHITE-R-NM,backorder,2026-06-01T00:00:00+00:00
BUNK-SEBUS-WHITE-R-FM,backorder,2026-06-01T00:00:00+00:00
BUNK-SEBUS-GRAPHITE-R-NM,backorder,2026-06-01T00:00:00+00:00
BUNK-SEBUS-GRAPHITE-R-FM,backorder,2026-06-01T00:00:00+00:00
BUNK-SEBUS-PINE-R-NM,backorder,2026-06-01T00:00:00+00:00
BUNK-SEBUS-PINE-R-FM,backorder,2026-06-01T00:00:00+00:00
BUNK-SEBUS-WHITE-R-BM,backorder,2026-06-01T00:00:00+00:00
BUNK-SEBUS-GRAPHITE-R-BM,backorder,2026-06-01T00:00:00+00:00
BUNK-SEBUS-PINE-R-BM,backorder,2026-06-01T00:00:00+00:00
BUNK-NEMO-WHITE-R-NM,backorder,2026-06-01T00:00:00+00:00
BUNK-NEMO-WHITE-R-FM,backorder,2026-06-01T00:00:00+00:00
BUNK-NEMO-GRAPHITE-R-NM,backorder,2026-06-01T00:00:00+00:00
BUNK-NEMO-GRAPHITE-R-FM,backorder,2026-06-01T00:00:00+00:00
BUNK-NEMO-PINE-R-NM,backorder,2026-06-01T00:00:00+00:00
BUNK-NEMO-PINE-R-FM,backorder,2026-06-01T00:00:00+00:00
BUNK-NEMO-GRAPHITE-R-BM,backorder,2026-06-01T00:00:00+00:00
BUNK-NEMO-PINE-R-BM,backorder,2026-06-01T00:00:00+00:00
BUNK-NEMO-GREY-R-NM,backorder,2026-06-01T00:00:00+00:00
BUNK-NEMO-GREY-R-FM,backorder,2026-06-01T00:00:00+00:00
BUNK-NEMO-GREY-R-BM,backorder,2026-06-01T00:00:00+00:00
BUNK-MONIKA-WHITE-R-NM,backorder,2026-06-01T00:00:00+00:00
BUNK-MONIKA-WHITE-R-FM,backorder,2026-06-01T00:00:00+00:00
BUNK-MONIKA-GRAPHITE-R-NM,backorder,2026-06-01T00:00:00+00:00
BUNK-MONIKA-GRAPHITE-R-FM,backorder,2026-06-01T00:00:00+00:00
BUNK-MONIKA-PINE-R-NM,backorder,2026-06-01T00:00:00+00:00
BUNK-MONIKA-PINE-R-FM,backorder,2026-06-01T00:00:00+00:00
BUNK-MONIKA-GRAPHITE-R-BM,backorder,2026-06-01T00:00:00+00:00
BUNK-MONIKA-PINE-R-BM,backorder,2026-06-01T00:00:00+00:00
BUNK-KONRAD-PINE-R-NM,backorder,2026-06-01T00:00:00+00:00
BUNK-KONRAD-PINE-R-FM,backorder,2026-06-01T00:00:00+00:00
BUNK-KONRAD-PINE-R-BM,backorder,2026-06-01T00:00:00+00:00
BUNK-KLARA-WHITE-R-NM,backorder,2026-06-01T00:00:00+00:00
BUNK-KLARA-WHITE-R-FM,backorder,2026-06-01T00:00:00+00:00
BUNK-KLARA-GRAPHITE-R-NM,backorder,2026-06-01T00:00:00+00:00
BUNK-KLARA-GRAPHITE-R-FM,backorder,2026-06-01T00:00:00+00:00
BUNK-KLARA-PINE-R-NM,backorder,2026-06-01T00:00:00+00:00
BUNK-KLARA-PINE-R-FM,backorder,2026-06-01T00:00:00+00:00
BUNK-KLARA-WHITE-R-BM,backorder,2026-06-01T00:00:00+00:00
BUNK-KLARA-GRAPHITE-R-BM,backorder,2026-06-01T00:00:00+00:00
BUNK-KLARA-PINE-R-BM,backorder,2026-06-01T00:00:00+00:00
BUNK-IGNA-WHITE-R-NM,backorder,2026-06-01T00:00:00+00:00
BUNK-IGNA-GREY-R-NM,backorder,2026-06-01T00:00:00+00:00
BUNK-IGNA-GREY-R-FM,backorder,2026-06-01T00:00:00+00:00
BUNK-IGNA-WHITE-R-FM,backorder,2026-06-01T00:00:00+00:00
BUNK-IGNA-GRAPHITE-R-NM,backorder,2026-06-01T00:00:00+00:00
BUNK-IGNA-GRAPHITE-R-FM,backorder,2026-06-01T00:00:00+00:00
BUNK-IGNAS-PINE-R-NM,backorder,2026-06-01T00:00:00+00:00
BUNK-IGNAS-PINE-R-FM,backorder,2026-06-01T00:00:00+00:00
BUNK-IGNA-WHITE-R-BM,backorder,2026-06-01T00:00:00+00:00
BUNK-IGNA-GREY-R-BM,backorder,2026-06-01T00:00:00+00:00
BUNK-IGNA-GRAPHITE-R-BM,backorder,2026-06-01T00:00:00+00:00
BUNK-IGNAS-PINE-R-BM,backorder,2026-06-01T00:00:00+00:00
BUNK-GABI-WHITE-R-NM,backorder,2026-06-01T00:00:00+00:00
BUNK-GABI-WHITE-R-FM,backorder,2026-06-01T00:00:00+00:00
BUNK-GABI-GREY-R-NM,backorder,2026-06-01T00:00:00+00:00
BUNK-GABI-GREY-R-FM,backorder,2026-06-01T00:00:00+00:00
BUNK-GABI-GREY-R-BM,backorder,2026-06-01T00:00:00+00:00
BUNK-GABI-GRAPHITE-R-NM,backorder,2026-06-01T00:00:00+00:00
BUNK-GABI-GRAPHITE-R-FM,backorder,2026-06-01T00:00:00+00:00
BUNK-GABI-GRAPHITE-R-BM,backorder,2026-06-01T00:00:00+00:00
BUNK-GABI-PINE-R-NM,backorder,2026-06-01T00:00:00+00:00
BUNK-GABI-PINE-R-FM,backorder,2026-06-01T00:00:00+00:00
BUNK-GABI-PINE-R-BM,backorder,2026-06-01T00:00:00+00:00
BUNK-DAVID-WHITE-R-NM,backorder,2026-06-01T00:00:00+00:00
BUNK-DAVID-GREY-R-NM,backorder,2026-06-01T00:00:00+00:00
BUNK-DAVID-GRAPHITE-R-NM,backorder,2026-06-01T00:00:00+00:00
BUNK-DAVID-WHITE-R-FM,backorder,2026-06-01T00:00:00+00:00
BUNK-DAVID-GREY-R-FM,backorder,2026-06-01T00:00:00+00:00
BUNK-DAVID-GRAPHITE-R-FM,backorder,2026-06-01T00:00:00+00:00
BUNK-DAVID-WHITE-R-BM,backorder,2026-06-01T00:00:00+00:00
BUNK-DAVID-GREY-R-BM,backorder,2026-06-01T00:00:00+00:00
BUNK-DAVID-GRAPHITE-R-BM,backorder,2026-06-01T00:00:00+00:00
BUNK-EMILY-WHITE-R-NM,backorder,2026-06-01T00:00:00+00:00
BUNK-EMILY-GREY-R-NM,backorder,2026-06-01T00:00:00+00:00
BUNK-EMILY-GRAPHITE-R-NM,backorder,2026-06-01T00:00:00+00:00
BUNK-EMILY-GREY-R-FM,backorder,2026-06-01T00:00:00+00:00
BUNK-EMILY-GRAPHITE-R-FM,backorder,2026-06-01T00:00:00+00:00
BUNK-EMILY-GREY-R-BM,backorder,2026-06-01T00:00:00+00:00
BUNK-EMILY-GRAPHITE-R-BM,backorder,2026-06-01T00:00:00+00:00
BUNK-BLANKA-WHITE-R-NM,backorder,2026-06-01T00:00:00+00:00
BUNK-BLANKA-PINE-R-NM,backorder,2026-06-01T00:00:00+00:00
BUNK-BLANKA-PINE-R-FM,backorder,2026-06-01T00:00:00+00:00
BUNK-BLANKA-PINE-R-BM,backorder,2026-06-01T00:00:00+00:00
BUNK-ALAN-WHITE-R-NM,backorder,2026-06-01T00:00:00+00:00
BUNK-ALAN-WHITE-R-FM,backorder,2026-06-01T00:00:00+00:00
BUNK-ALAN-GRAPHITE-R-NM,backorder,2026-06-01T00:00:00+00:00
BUNK-ALAN-GRAPHITE-R-FM,backorder,2026-06-01T00:00:00+00:00
BUNK-ALAN-PINE-R-NM,backorder,2026-06-01T00:00:00+00:00
BUNK-ALAN-PINE-R-FM,backorder,2026-06-01T00:00:00+00:00
BUNK-ALAN-WHITE-R-BM,backorder,2026-06-01T00:00:00+00:00
BUNK-ALAN-GRAPHITE-R-BM,backorder,2026-06-01T00:00:00+00:00
BUNK-ALAN-PINE-R-BM,backorder,2026-06-01T00:00:00+00:00
BED CONCEPT BC-14 G-MAT,backorder,2026-06-01T00:00:00+00:00
BED CONCEPT BC-14 OA,backorder,2026-06-01T00:00:00+00:00
BED CONCEPT BC-14 OA-MAT,backorder,2026-06-01T00:00:00+00:00
BED CONCEPT BC-14 WM,backorder,2026-06-01T00:00:00+00:00
BED CONCEPT BC-14 WM-MAT,backorder,2026-06-01T00:00:00+00:00
BED CONCEPT BC-14p WG,backorder,2026-06-01T00:00:00+00:00
BED CONCEPT BC-14p WG-MAT,backorder,2026-06-01T00:00:00+00:00
BED CONCEPT BC-13 G-MAT,backorder,2026-06-01T00:00:00+00:00
BED CONCEPT BC-13 OA,backorder,2026-06-01T00:00:00+00:00
BED CONCEPT BC-13 OA-MAT,backorder,2026-06-01T00:00:00+00:00
BED CONCEPT BC-13 WM,backorder,2026-06-01T00:00:00+00:00
BED CONCEPT BC-13 WM-MAT,backorder,2026-06-01T00:00:00+00:00
BED CONCEPT BC-13p WG,backorder,2026-06-01T00:00:00+00:00
BED CONCEPT BC-13p WG-MAT,backorder,2026-06-01T00:00:00+00:00
BED CONCEPT BC-12 G-MAT,backorder,2026-06-01T00:00:00+00:00
BED CONCEPT BC-12 OA,backorder,2026-06-01T00:00:00+00:00
BED CONCEPT BC-12 OA-MAT,backorder,2026-06-01T00:00:00+00:00
BED CONCEPT BC-12 WM,backorder,2026-06-01T00:00:00+00:00
BED CONCEPT BC-12 WM-MAT,backorder,2026-06-01T00:00:00+00:00
BED CONCEPT BC-12p WG,backorder,2026-06-01T00:00:00+00:00
BED CONCEPT BC-12p WG-MAT,backorder,2026-06-01T00:00:00+00:00
BED CONCEPT BC-06 G-MAT,backorder,2026-06-01T00:00:00+00:00
BED CONCEPT BC-06 OA,backorder,2026-06-01T00:00:00+00:00
BED CONCEPT BC-06 OA-MAT,backorder,2026-06-01T00:00:00+00:00
BED CONCEPT BC-06 WM,backorder,2026-06-01T00:00:00+00:00
BED CONCEPT BC-06 WM-MAT,backorder,2026-06-01T00:00:00+00:00
BED CONCEPT BC-06p WG,backorder,2026-06-01T00:00:00+00:00
BED CONCEPT BC-06p WG-MAT,backorder,2026-06-01T00:00:00+00:00
BED CONCEPT BC-05 G-MAT,backorder,2026-06-01T00:00:00+00:00
BED CONCEPT BC-05 OA,backorder,2026-06-01T00:00:00+00:00
BED CONCEPT BC-05 OA-MAT,backorder,2026-06-01T00:00:00+00:00
BED CONCEPT BC-05 WM,backorder,2026-06-01T00:00:00+00:00
BED CONCEPT BC-05 WM-MAT,backorder,2026-06-01T00:00:00+00:00
BED CONCEPT BC-05p WG,backorder,2026-06-01T00:00:00+00:00
BED CONCEPT BC-05p WG-MAT,backorder,2026-06-01T00:00:00+00:00
BED CONCEPT BC-04 G-MAT,backorder,2026-06-01T00:00:00+00:00
BED CONCEPT BC-04 OA,backorder,2026-06-01T00:00:00+00:00
BED CONCEPT BC-04 OA-MAT,backorder,2026-06-01T00:00:00+00:00
BED CONCEPT BC-04 WM,backorder,2026-06-01T00:00:00+00:00
BED CONCEPT BC-04 WM-MAT,backorder,2026-06-01T00:00:00+00:00
BED CONCEPT BC-04p WG,backorder,2026-06-01T00:00:00+00:00
BED CONCEPT BC-04p WG-MAT,backorder,2026-06-01T00:00:00+00:00
BED CONCEPT BC-03 G-MAT,backorder,2026-06-01T00:00:00+00:00
BED CONCEPT BC-03 OA,backorder,2026-06-01T00:00:00+00:00
BED CONCEPT BC-03 OA-MAT,backorder,2026-06-01T00:00:00+00:00
BED CONCEPT BC-03 WM,backorder,2026-06-01T00:00:00+00:00
BED CONCEPT BC-03 WM-MAT,backorder,2026-06-01T00:00:00+00:00
BED CONCEPT BC-03p WG,backorder,2026-06-01T00:00:00+00:00
BED CONCEPT BC-03p WG-MAT,backorder,2026-06-01T00:00:00+00:00
BED CONCEPT BC-02 G-MAT,backorder,2026-06-01T00:00:00+00:00
BED CONCEPT BC-02 OA,backorder,2026-06-01T00:00:00+00:00
BED CONCEPT BC-02 OA-MAT,backorder,2026-06-01T00:00:00+00:00
BED CONCEPT BC-02 WM,backorder,2026-06-01T00:00:00+00:00
BED CONCEPT BC-02 WM-MAT,backorder,2026-06-01T00:00:00+00:00
BED CONCEPT BC-02p WG,backorder,2026-06-01T00:00:00+00:00
BED CONCEPT BC-02p WG-MAT,backorder,2026-06-01T00:00:00+00:00
BED CONCEPT BC-01 G-MAT,backorder,2026-06-01T00:00:00+00:00
BED CONCEPT BC-01 OA,backorder,2026-06-01T00:00:00+00:00
BED CONCEPT BC-01 OA-MAT,backorder,2026-06-01T00:00:00+00:00
BED CONCEPT BC-01 WM,backorder,2026-06-01T00:00:00+00:00
BED CONCEPT BC-01 WM-MAT,backorder,2026-06-01T00:00:00+00:00
BED CONCEPT BC-01p WG,backorder,2026-06-01T00:00:00+00:00
BED CONCEPT BC-01p WG-MAT,backorder,2026-06-01T00:00:00+00:00
CONCEPT CP-06+CP-11 G-MAT,backorder,2026-06-01T00:00:00+00:00
CONCEPT CP-06+CP-11 W,backorder,2026-06-01T00:00:00+00:00
CONCEPT CP-06+CP-11 W-MAT,backorder,2026-06-01T00:00:00+00:00
CONCEPT CP-06p+CP-11p,backorder,2026-06-01T00:00:00+00:00
CONCEPT CP-06p+CP-11p-MAT,backorder,2026-06-01T00:00:00+00:00
CONCEPT CP-05+CP-10 G-MAT,backorder,2026-06-01T00:00:00+00:00
CONCEPT CP-05+CP-10 W,backorder,2026-06-01T00:00:00+00:00
CONCEPT CP-05+CP-10 W-MAT,backorder,2026-06-01T00:00:00+00:00
CONCEPT CP-05p+CP-10p,backorder,2026-06-01T00:00:00+00:00
CONCEPT CP-05p+CP-10p-MAT,backorder,2026-06-01T00:00:00+00:00
CONCEPT CP-04+CP-09 G-MAT,backorder,2026-06-01T00:00:00+00:00
CONCEPT CP-04+CP-09 W,backorder,2026-06-01T00:00:00+00:00
CONCEPT CP-04+CP-09 W-MAT,backorder,2026-06-01T00:00:00+00:00
CONCEPT CP-04p+CP-09p,backorder,2026-06-01T00:00:00+00:00
CONCEPT CP-04p+CP-09p-MAT,backorder,2026-06-01T00:00:00+00:00
CONCEPT CP-03+CP-07+CP-08 G-MAT,backorder,2026-06-01T00:00:00+00:00
CONCEPT CP-03+CP-07+CP-08,backorder,2026-06-01T00:00:00+00:00
CONCEPT CP-03+CP-07+CP-08-MAT,backorder,2026-06-01T00:00:00+00:00
CONCEPT CP-03p+CP-07p+CP-08p,backorder,2026-06-01T00:00:00+00:00
CONCEPT CP-03p+CP-07p+CP-08p-MAT,backorder,2026-06-01T00:00:00+00:00
CONCEPT CP-01+CP-07+CP-08 G-MAT,backorder,2026-06-01T00:00:00+00:00
CONCEPT CP-01+CP-07+CP-08,backorder,2026-06-01T00:00:00+00:00
CONCEPT CP-01+CP-07+CP-08-MAT,backorder,2026-06-01T00:00:00+00:00
CONCEPT CP-01p+CP-07p+CP-08p,backorder,2026-06-01T00:00:00+00:00
CONCEPT CP-01p+CP-07p+CP-08p-MAT,backorder,2026-06-01T00:00:00+00:00
CONCEPT CP-06 W-MAT,backorder,2026-06-01T00:00:00+00:00
CONCEPT CP-06 G,backorder,2026-06-01T00:00:00+00:00
CONCEPT CP-06 G-MAT,backorder,2026-06-01T00:00:00+00:00
CONCEPT CP-06p WG,backorder,2026-06-01T00:00:00+00:00
CONCEPT CP-06p WG-MAT,backorder,2026-06-01T00:00:00+00:00
CONCEPT CP-05 G,backorder,2026-06-01T00:00:00+00:00
CONCEPT CP-05 G-MAT,backorder,2026-06-01T00:00:00+00:00
CONCEPT CP-05 W,backorder,2026-06-01T00:00:00+00:00
CONCEPT CP-05 W-MAT,backorder,2026-06-01T00:00:00+00:00
CONCEPT CP-05p WG,backorder,2026-06-01T00:00:00+00:00
CONCEPT CP-05p WG-MAT,backorder,2026-06-01T00:00:00+00:00
CONCEPT CP-04 G,backorder,2026-06-01T00:00:00+00:00
CONCEPT CP-04 G-MAT,backorder,2026-06-01T00:00:00+00:00
CONCEPT CP-04 W,backorder,2026-06-01T00:00:00+00:00
CONCEPT CP-04 W-MAT,backorder,2026-06-01T00:00:00+00:00
CONCEPT CP-04p WG,backorder,2026-06-01T00:00:00+00:00
CONCEPT CP-04p WG-MAT,backorder,2026-06-01T00:00:00+00:00
CONCEPT CP-03 G,backorder,2026-06-01T00:00:00+00:00
CONCEPT CP-03 G-MAT,backorder,2026-06-01T00:00:00+00:00
CONCEPT CP-03 W,backorder,2026-06-01T00:00:00+00:00
CONCEPT CP-03 W-MAT,backorder,2026-06-01T00:00:00+00:00
CONCEPT CP-03p WG,backorder,2026-06-01T00:00:00+00:00
CONCEPT CP-03p WG-MAT,backorder,2026-06-01T00:00:00+00:00
CONCEPT CP-01-GM,backorder,2026-06-01T00:00:00+00:00
CONCEPT CP-01 WM,backorder,2026-06-01T00:00:00+00:00
CONCEPT CP-01p WGM,backorder,2026-06-01T00:00:00+00:00
IN3448,backorder,2026-06-01T00:00:00+00:00
IN1970,backorder,2026-06-01T00:00:00+00:00
IN1982,backorder,2026-06-01T00:00:00+00:00
IN1983,backorder,2026-06-01T00:00:00+00:00
IN1582,backorder,2026-06-01T00:00:00+00:00
IN1971,backorder,2026-06-01T00:00:00+00:00
IN3152,backorder,2026-06-01T00:00:00+00:00
IN3563,backorder,2026-06-01T00:00:00+00:00
IN3429,backorder,2026-06-01T00:00:00+00:00
IN1973,backorder,2026-06-01T00:00:00+00:00
IN1984,backorder,2026-06-01T00:00:00+00:00
IN1986,backorder,2026-06-01T00:00:00+00:00
IN3312,backorder,2026-06-01T00:00:00+00:00
IN3232,backorder,2026-06-01T00:00:00+00:00
IN3455,backorder,2026-06-01T00:00:00+00:00
IN3059,backorder,2026-06-01T00:00:00+00:00
IN1738,backorder,2026-06-01T00:00:00+00:00
IN3381,backorder,2026-06-01T00:00:00+00:00
IN3412,backorder,2026-06-01T00:00:00+00:00
IN1975,backorder,2026-06-01T00:00:00+00:00
IN1990,backorder,2026-06-01T00:00:00+00:00
IN1992,backorder,2026-06-01T00:00:00+00:00
IN3053,backorder,2026-06-01T00:00:00+00:00
IN3054,backorder,2026-06-01T00:00:00+00:00
IN3055,backorder,2026-06-01T00:00:00+00:00
IN3067,backorder,2026-06-01T00:00:00+00:00
IN3068,backorder,2026-06-01T00:00:00+00:00
IN3416,backorder,2026-06-01T00:00:00+00:00
IN3380,backorder,2026-06-01T00:00:00+00:00
IN3450,backorder,2026-06-01T00:00:00+00:00
IN3451,backorder,2026-06-01T00:00:00+00:00
IN3458,backorder,2026-06-01T00:00:00+00:00
IN1650,backorder,2026-06-01T00:00:00+00:00
IN3061,backorder,2026-06-01T00:00:00+00:00
IN3062,backorder,2026-06-01T00:00:00+00:00
IN3063,backorder,2026-06-01T00:00:00+00:00
IN3377,backorder,2026-06-01T00:00:00+00:00
IN3506,backorder,2026-06-01T00:00:00+00:00
IN1683,backorder,2026-06-01T00:00:00+00:00
IN3434,backorder,2026-06-01T00:00:00+00:00
IN1396,backorder,2026-06-01T00:00:00+00:00
RSN114,backorder,2026-06-01T00:00:00+00:00
IN3433,backorder,2026-06-01T00:00:00+00:00
IN1597,backorder,2026-06-01T00:00:00+00:00
IN1598,backorder,2026-06-01T00:00:00+00:00
IN1599,backorder,2026-06-01T00:00:00+00:00
IN1600,backorder,2026-06-01T00:00:00+00:00
IN1604,backorder,2026-06-01T00:00:00+00:00
IN1674,backorder,2026-06-01T00:00:00+00:00
IN1968,backorder,2026-06-01T00:00:00+00:00
IN518,backorder,2026-06-01T00:00:00+00:00
IN819,backorder,2026-06-01T00:00:00+00:00
IN3301,backorder,2026-06-01T00:00:00+00:00
IN427,backorder,2026-06-01T00:00:00+00:00
IN140,backorder,2026-06-01T00:00:00+00:00
IN1744,backorder,2026-06-01T00:00:00+00:00
IN733,backorder,2026-06-01T00:00:00+00:00
IN734,backorder,2026-06-01T00:00:00+00:00
IN824,backorder,2026-06-01T00:00:00+00:00
IN3334,backorder,2026-06-01T00:00:00+00:00
IN964,backorder,2026-06-01T00:00:00+00:00
IN966,backorder,2026-06-01T00:00:00+00:00
IN3343,backorder,2026-06-01T00:00:00+00:00
IN3344,backorder,2026-06-01T00:00:00+00:00
IN3379,backorder,2026-06-01T00:00:00+00:00
IN3403,backorder,2026-06-01T00:00:00+00:00
IN3467,backorder,2026-06-01T00:00:00+00:00
IN3477,backorder,2026-06-01T00:00:00+00:00
IN1850,backorder,2026-06-01T00:00:00+00:00
IN3277,backorder,2026-06-01T00:00:00+00:00
IN3292,backorder,2026-06-01T00:00:00+00:00
IN3389,backorder,2026-06-01T00:00:00+00:00
IN820,backorder,2026-06-01T00:00:00+00:00
IN821,backorder,2026-06-01T00:00:00+00:00
IN823,backorder,2026-06-01T00:00:00+00:00
IN974,backorder,2026-06-01T00:00:00+00:00
IN975,backorder,2026-06-01T00:00:00+00:00
IN977,backorder,2026-06-01T00:00:00+00:00
IN1639,backorder,2026-06-01T00:00:00+00:00
IN1297,backorder,2026-06-01T00:00:00+00:00
IN145,backorder,2026-06-01T00:00:00+00:00
IN1820,backorder,2026-06-01T00:00:00+00:00
IN1821,backorder,2026-06-01T00:00:00+00:00
IN3435,backorder,2026-06-01T00:00:00+00:00
IN3466,backorder,2026-06-01T00:00:00+00:00
IN934,backorder,2026-06-01T00:00:00+00:00
IN935,backorder,2026-06-01T00:00:00+00:00
IN937,backorder,2026-06-01T00:00:00+00:00
IN938,backorder,2026-06-01T00:00:00+00:00
IN939,backorder,2026-06-01T00:00:00+00:00
IN1448,backorder,2026-06-01T00:00:00+00:00
IN1016,backorder,2026-06-01T00:00:00+00:00
IN3290,backorder,2026-06-01T00:00:00+00:00
IN3438,backorder,2026-06-01T00:00:00+00:00
IN3139,backorder,2026-06-01T00:00:00+00:00
IN3144,backorder,2026-06-01T00:00:00+00:00
IN3441,backorder,2026-06-01T00:00:00+00:00
IN3491,backorder,2026-06-01T00:00:00+00:00
IN188,backorder,2026-06-01T00:00:00+00:00
IN3140,backorder,2026-06-01T00:00:00+00:00
IN3333,backorder,2026-06-01T00:00:00+00:00
IN3547,backorder,2026-06-01T00:00:00+00:00
IN1436,backorder,2026-06-01T00:00:00+00:00
IN1351,backorder,2026-06-01T00:00:00+00:00
IN3150,backorder,2026-06-01T00:00:00+00:00
IN3374,backorder,2026-06-01T00:00:00+00:00
IN3423,backorder,2026-06-01T00:00:00+00:00
IN3571,backorder,2026-06-01T00:00:00+00:00
IN3603,backorder,2026-06-01T00:00:00+00:00
IN1764,backorder,2026-06-01T00:00:00+00:00
IN3258,backorder,2026-06-01T00:00:00+00:00
IN3475,backorder,2026-06-01T00:00:00+00:00
IN1019,backorder,2026-06-01T00:00:00+00:00
IN3386,backorder,2026-06-01T00:00:00+00:00
IN3302,backorder,2026-06-01T00:00:00+00:00
IN1273,backorder,2026-06-01T00:00:00+00:00
IN090,backorder,2026-06-01T00:00:00+00:00
IN3363,backorder,2026-06-01T00:00:00+00:00
IN3460,backorder,2026-06-01T00:00:00+00:00
IN3465,backorder,2026-06-01T00:00:00+00:00
IN356,backorder,2026-06-01T00:00:00+00:00
IN1842,backorder,2026-06-01T00:00:00+00:00
IN3546,backorder,2026-06-01T00:00:00+00:00
IN3602,backorder,2026-06-01T00:00:00+00:00
IN1431,backorder,2026-06-01T00:00:00+00:00
IN1434,backorder,2026-06-01T00:00:00+00:00
IN1569,backorder,2026-06-01T00:00:00+00:00
RSN115,backorder,2026-06-01T00:00:00+00:00
IN691,backorder,2026-06-01T00:00:00+00:00
IN1766,backorder,2026-06-01T00:00:00+00:00
IN3073,backorder,2026-06-01T00:00:00+00:00
IN3259,backorder,2026-06-01T00:00:00+00:00
IN256,backorder,2026-06-01T00:00:00+00:00
IN1918,backorder,2026-06-01T00:00:00+00:00
IN1813,backorder,2026-06-01T00:00:00+00:00
IN1893,backorder,2026-06-01T00:00:00+00:00
IN3368,backorder,2026-06-01T00:00:00+00:00
IN508,backorder,2026-06-01T00:00:00+00:00
IN3272,backorder,2026-06-01T00:00:00+00:00
IN3476,backorder,2026-06-01T00:00:00+00:00
IN3501,backorder,2026-06-01T00:00:00+00:00
IN3278,backorder,2026-06-01T00:00:00+00:00
IN3447,backorder,2026-06-01T00:00:00+00:00
IN146,backorder,2026-06-01T00:00:00+00:00
IN1457,backorder,2026-06-01T00:00:00+00:00
IN1242,backorder,2026-06-01T00:00:00+00:00
IN1827,backorder,2026-06-01T00:00:00+00:00
IN3284,backorder,2026-06-01T00:00:00+00:00
IN1747,backorder,2026-06-01T00:00:00+00:00
IN3385,backorder,2026-06-01T00:00:00+00:00
IN3479,backorder,2026-06-01T00:00:00+00:00
IN928,backorder,2026-06-01T00:00:00+00:00
IN931,backorder,2026-06-01T00:00:00+00:00
IN933,backorder,2026-06-01T00:00:00+00:00
IN3141,backorder,2026-06-01T00:00:00+00:00
IN3297,backorder,2026-06-01T00:00:00+00:00
IN659,backorder,2026-06-01T00:00:00+00:00
IN660,backorder,2026-06-01T00:00:00+00:00
IN657,backorder,2026-06-01T00:00:00+00:00
IN3146,backorder,2026-06-01T00:00:00+00:00
IN3147,backorder,2026-06-01T00:00:00+00:00
IN3282,backorder,2026-06-01T00:00:00+00:00
IN658,backorder,2026-06-01T00:00:00+00:00
IN929,backorder,2026-06-01T00:00:00+00:00
IN3275,backorder,2026-06-01T00:00:00+00:00
IN3328,backorder,2026-06-01T00:00:00+00:00
IN3494,backorder,2026-06-01T00:00:00+00:00
IN3556,backorder,2026-06-01T00:00:00+00:00
IN043,backorder,2026-06-01T00:00:00+00:00
IN270,backorder,2026-06-01T00:00:00+00:00
IN696,backorder,2026-06-01T00:00:00+00:00
IN3285,backorder,2026-06-01T00:00:00+00:00
IN3607,backorder,2026-06-01T00:00:00+00:00
IN3509,backorder,2026-06-01T00:00:00+00:00
IN1824,backorder,2026-06-01T00:00:00+00:00
IN1826,backorder,2026-06-01T00:00:00+00:00
IN3502,backorder,2026-06-01T00:00:00+00:00
IN3493,backorder,2026-06-01T00:00:00+00:00
IN3431,backorder,2026-06-01T00:00:00+00:00
IN3529,backorder,2026-06-01T00:00:00+00:00
IN3399,backorder,2026-06-01T00:00:00+00:00
IN3490,backorder,2026-06-01T00:00:00+00:00
IN1829,backorder,2026-06-01T00:00:00+00:00
IN3362,backorder,2026-06-01T00:00:00+00:00
IN3452,backorder,2026-06-01T00:00:00+00:00
IN187,backorder,2026-06-01T00:00:00+00:00
IN275,backorder,2026-06-01T00:00:00+00:00
IN1232,backorder,2026-06-01T00:00:00+00:00
IN1698,backorder,2026-06-01T00:00:00+00:00
IN1734,backorder,2026-06-01T00:00:00+00:00
IN3355,backorder,2026-06-01T00:00:00+00:00
IN3445,backorder,2026-06-01T00:00:00+00:00
IN1543,backorder,2026-06-01T00:00:00+00:00
IN3599,backorder,2026-06-01T00:00:00+00:00
IN1442,backorder,2026-06-01T00:00:00+00:00
IN3391,backorder,2026-06-01T00:00:00+00:00
IN3419,backorder,2026-06-01T00:00:00+00:00
IN3420,backorder,2026-06-01T00:00:00+00:00
IN1065,backorder,2026-06-01T00:00:00+00:00
IN1771,backorder,2026-06-01T00:00:00+00:00
IN3428,backorder,2026-06-01T00:00:00+00:00
IN3560,backorder,2026-06-01T00:00:00+00:00
IN1816,backorder,2026-06-01T00:00:00+00:00
IN3243,backorder,2026-06-01T00:00:00+00:00
IN3246,backorder,2026-06-01T00:00:00+00:00
IN3339,backorder,2026-06-01T00:00:00+00:00
IN969,backorder,2026-06-01T00:00:00+00:00
IN1778,backorder,2026-06-01T00:00:00+00:00
IN3540,backorder,2026-06-01T00:00:00+00:00
IN831,backorder,2026-06-01T00:00:00+00:00
IN1425,backorder,2026-06-01T00:00:00+00:00
IN1681,backorder,2026-06-01T00:00:00+00:00
ASB315,backorder,2026-06-01T00:00:00+00:00
IN251,backorder,2026-06-01T00:00:00+00:00
IN283,backorder,2026-06-01T00:00:00+00:00
IN776,backorder,2026-06-01T00:00:00+00:00
IN777,backorder,2026-06-01T00:00:00+00:00
IN817,backorder,2026-06-01T00:00:00+00:00
IN878,backorder,2026-06-01T00:00:00+00:00
IN285,backorder,2026-06-01T00:00:00+00:00
IN879,backorder,2026-06-01T00:00:00+00:00
IN3530,backorder,2026-06-01T00:00:00+00:00
IN129,backorder,2026-06-01T00:00:00+00:00
IN662,backorder,2026-06-01T00:00:00+00:00
IN3308,backorder,2026-06-01T00:00:00+00:00
IN3567,backorder,2026-06-01T00:00:00+00:00
IN3531,backorder,2026-06-01T00:00:00+00:00
IN1418,backorder,2026-06-01T00:00:00+00:00
IN3245,backorder,2026-06-01T00:00:00+00:00
IN3542,backorder,2026-06-01T00:00:00+00:00
IN1668,backorder,2026-06-01T00:00:00+00:00
IN3336,backorder,2026-06-01T00:00:00+00:00
IN3387,backorder,2026-06-01T00:00:00+00:00
IN3439,backorder,2026-06-01T00:00:00+00:00
IN353,backorder,2026-06-01T00:00:00+00:00
IN243,backorder,2026-06-01T00:00:00+00:00
IN859,backorder,2026-06-01T00:00:00+00:00
IN3604,backorder,2026-06-01T00:00:00+00:00
IN970,backorder,2026-06-01T00:00:00+00:00
IN3566,backorder,2026-06-01T00:00:00+00:00
IN1064,backorder,2026-06-01T00:00:00+00:00
IN1833,backorder,2026-06-01T00:00:00+00:00
IN3335,backorder,2026-06-01T00:00:00+00:00
IN3440,backorder,2026-06-01T00:00:00+00:00
IN3422,backorder,2026-06-01T00:00:00+00:00
IN3319,backorder,2026-06-01T00:00:00+00:00
IN675,backorder,2026-06-01T00:00:00+00:00
IN1475,backorder,2026-06-01T00:00:00+00:00
IN130,backorder,2026-06-01T00:00:00+00:00
IN1780,backorder,2026-06-01T00:00:00+00:00
IN023,backorder,2026-06-01T00:00:00+00:00
IN365,backorder,2026-06-01T00:00:00+00:00
IN3341,backorder,2026-06-01T00:00:00+00:00
IN3342,backorder,2026-06-01T00:00:00+00:00
IN1493,backorder,2026-06-01T00:00:00+00:00
IN3372,backorder,2026-06-01T00:00:00+00:00
IN3470,backorder,2026-06-01T00:00:00+00:00
IN3401,backorder,2026-06-01T00:00:00+00:00
IN3393,backorder,2026-06-01T00:00:00+00:00
IN3394,backorder,2026-06-01T00:00:00+00:00
IN719,backorder,2026-06-01T00:00:00+00:00
IN745,backorder,2026-06-01T00:00:00+00:00
IN3376,backorder,2026-06-01T00:00:00+00:00
IN720,backorder,2026-06-01T00:00:00+00:00
IN3229,backorder,2026-06-01T00:00:00+00:00
IN3249,backorder,2026-06-01T00:00:00+00:00
IN3250,backorder,2026-06-01T00:00:00+00:00
IN865,backorder,2026-06-01T00:00:00+00:00
IN893,backorder,2026-06-01T00:00:00+00:00
IN3541,backorder,2026-06-01T00:00:00+00:00
IN509,backorder,2026-06-01T00:00:00+00:00
IN3564,backorder,2026-06-01T00:00:00+00:00
IN3565,backorder,2026-06-01T00:00:00+00:00
IN877,backorder,2026-06-01T00:00:00+00:00
IN3593,backorder,2026-06-01T00:00:00+00:00
IN765,backorder,2026-06-01T00:00:00+00:00
IN789,backorder,2026-06-01T00:00:00+00:00
IN3471,backorder,2026-06-01T00:00:00+00:00
IN025,backorder,2026-06-01T00:00:00+00:00
IN1733,backorder,2026-06-01T00:00:00+00:00
IN1847,backorder,2026-06-01T00:00:00+00:00
IN083,backorder,2026-06-01T00:00:00+00:00
IN132,backorder,2026-06-01T00:00:00+00:00
IN3453,backorder,2026-06-01T00:00:00+00:00
IN3304,backorder,2026-06-01T00:00:00+00:00
IN3320,backorder,2026-06-01T00:00:00+00:00
IN3410,backorder,2026-06-01T00:00:00+00:00
IN122,backorder,2026-06-01T00:00:00+00:00
IN3468,backorder,2026-06-01T00:00:00+00:00
IN1784,backorder,2026-06-01T00:00:00+00:00
IN982,backorder,2026-06-01T00:00:00+00:00
IN354,backorder,2026-06-01T00:00:00+00:00
IN1796,backorder,2026-06-01T00:00:00+00:00
IN1848,backorder,2026-06-01T00:00:00+00:00
IN3472,backorder,2026-06-01T00:00:00+00:00
IN1492,backorder,2026-06-01T00:00:00+00:00
IN3400,backorder,2026-06-01T00:00:00+00:00
IN3463,backorder,2026-06-01T00:00:00+00:00
IN3454,backorder,2026-06-01T00:00:00+00:00
IN3356,backorder,2026-06-01T00:00:00+00:00
IN3508,backorder,2026-06-01T00:00:00+00:00
IN1472,backorder,2026-06-01T00:00:00+00:00
IN3299,backorder,2026-06-01T00:00:00+00:00
IN3395,backorder,2026-06-01T00:00:00+00:00
IN254,backorder,2026-06-01T00:00:00+00:00
IN3507,backorder,2026-06-01T00:00:00+00:00
IN1729,backorder,2026-06-01T00:00:00+00:00
IN3536,backorder,2026-06-01T00:00:00+00:00
IN2135,backorder,2026-06-01T00:00:00+00:00
IN1538,backorder,2026-06-01T00:00:00+00:00
IN1544,backorder,2026-06-01T00:00:00+00:00
IN1856,backorder,2026-06-01T00:00:00+00:00
IN1828,backorder,2026-06-01T00:00:00+00:00
IN1020,backorder,2026-06-01T00:00:00+00:00
IN1727,backorder,2026-06-01T00:00:00+00:00
IN3398,backorder,2026-06-01T00:00:00+00:00
IN1774,backorder,2026-06-01T00:00:00+00:00
IN1841,backorder,2026-06-01T00:00:00+00:00
IN1812,backorder,2026-06-01T00:00:00+00:00
IN3295,backorder,2026-06-01T00:00:00+00:00
IN3511,backorder,2026-06-01T00:00:00+00:00
IN3557,backorder,2026-06-01T00:00:00+00:00
IN3558,backorder,2026-06-01T00:00:00+00:00
IN302,backorder,2026-06-01T00:00:00+00:00
IN305,backorder,2026-06-01T00:00:00+00:00
IN3550,backorder,2026-06-01T00:00:00+00:00
IN3600,backorder,2026-06-01T00:00:00+00:00
IN1741,backorder,2026-06-01T00:00:00+00:00
IN1858,backorder,2026-06-01T00:00:00+00:00
IN1697,backorder,2026-06-01T00:00:00+00:00
IN3321,backorder,2026-06-01T00:00:00+00:00
IN1545,backorder,2026-06-01T00:00:00+00:00
IN1773,backorder,2026-06-01T00:00:00+00:00
IN1831,backorder,2026-06-01T00:00:00+00:00
IN1844,backorder,2026-06-01T00:00:00+00:00
IN3411,backorder,2026-06-01T00:00:00+00:00
IN750,backorder,2026-06-01T00:00:00+00:00
IN1001,backorder,2026-06-01T00:00:00+00:00
IN336,backorder,2026-06-01T00:00:00+00:00
IN1616,backorder,2026-06-01T00:00:00+00:00
IN320,backorder,2026-06-01T00:00:00+00:00
IN1730,backorder,2026-06-01T00:00:00+00:00
IN3397,backorder,2026-06-01T00:00:00+00:00
IN304,backorder,2026-06-01T00:00:00+00:00
IN1088,backorder,2026-06-01T00:00:00+00:00
IN3351,backorder,2026-06-01T00:00:00+00:00
IN1700,backorder,2026-06-01T00:00:00+00:00
IN1775,backorder,2026-06-01T00:00:00+00:00
IN1806,backorder,2026-06-01T00:00:00+00:00
IN1837,backorder,2026-06-01T00:00:00+00:00
IN3405,backorder,2026-06-01T00:00:00+00:00
IN1491,backorder,2026-06-01T00:00:00+00:00
IN3298,backorder,2026-06-01T00:00:00+00:00
IN1859,backorder,2026-06-01T00:00:00+00:00
ASB326,backorder,2026-06-01T00:00:00+00:00
IN1340,backorder,2026-06-01T00:00:00+00:00
IN1699,backorder,2026-06-01T00:00:00+00:00
IN321,backorder,2026-06-01T00:00:00+00:00
IN1772,backorder,2026-06-01T00:00:00+00:00
IN3408,backorder,2026-06-01T00:00:00+00:00
IN111,backorder,2026-06-01T00:00:00+00:00
IN1776,backorder,2026-06-01T00:00:00+00:00
IN1021,backorder,2026-06-01T00:00:00+00:00
IN1540,backorder,2026-06-01T00:00:00+00:00
IN1546,backorder,2026-06-01T00:00:00+00:00
IN3392,backorder,2026-06-01T00:00:00+00:00
IN261,backorder,2026-06-01T00:00:00+00:00
IN1836,backorder,2026-06-01T00:00:00+00:00
ASB355,backorder,2026-06-01T00:00:00+00:00
IN1462,backorder,2026-06-01T00:00:00+00:00
IN1571,backorder,2026-06-01T00:00:00+00:00
IN3382,backorder,2026-06-01T00:00:00+00:00
IN3305,backorder,2026-06-01T00:00:00+00:00
IN1614,backorder,2026-06-01T00:00:00+00:00
IN3588,backorder,2026-06-01T00:00:00+00:00
IN050,backorder,2026-06-01T00:00:00+00:00
IN3261,backorder,2026-06-01T00:00:00+00:00
IN116,backorder,2026-06-01T00:00:00+00:00
ASB320,backorder,2026-06-01T00:00:00+00:00
IN1411,backorder,2026-06-01T00:00:00+00:00
IN3469,backorder,2026-06-01T00:00:00+00:00
IN1463,backorder,2026-06-01T00:00:00+00:00
IN1832,backorder,2026-06-01T00:00:00+00:00
IN3303,backorder,2026-06-01T00:00:00+00:00
IN080,backorder,2026-06-01T00:00:00+00:00
IN3489,backorder,2026-06-01T00:00:00+00:00
IN1834,backorder,2026-06-01T00:00:00+00:00
IN3522,backorder,2026-06-01T00:00:00+00:00
IN3590,backorder,2026-06-01T00:00:00+00:00
IN1849,backorder,2026-06-01T00:00:00+00:00
IN814,backorder,2026-06-01T00:00:00+00:00
IN816,backorder,2026-06-01T00:00:00+00:00
IN3589,backorder,2026-06-01T00:00:00+00:00
IN1851,backorder,2026-06-01T00:00:00+00:00
IN3591,backorder,2026-06-01T00:00:00+00:00
IN2012,backorder,2026-06-01T00:00:00+00:00
IN952,backorder,2026-06-01T00:00:00+00:00
IN1292,backorder,2026-06-01T00:00:00+00:00
IN1500,backorder,2026-06-01T00:00:00+00:00
IN1686,backorder,2026-06-01T00:00:00+00:00
IN1688,backorder,2026-06-01T00:00:00+00:00
IN1689,backorder,2026-06-01T00:00:00+00:00
IN1703,backorder,2026-06-01T00:00:00+00:00
IN1712,backorder,2026-06-01T00:00:00+00:00
IN1714,backorder,2026-06-01T00:00:00+00:00
IN1715,backorder,2026-06-01T00:00:00+00:00
IN1726,backorder,2026-06-01T00:00:00+00:00
IN1767,backorder,2026-06-01T00:00:00+00:00
IN1781,backorder,2026-06-01T00:00:00+00:00
IN1786,backorder,2026-06-01T00:00:00+00:00
IN1789,backorder,2026-06-01T00:00:00+00:00
IN1792,backorder,2026-06-01T00:00:00+00:00
IN1793,backorder,2026-06-01T00:00:00+00:00
IN1794,backorder,2026-06-01T00:00:00+00:00
IN1795,backorder,2026-06-01T00:00:00+00:00
IN1804,backorder,2026-06-01T00:00:00+00:00
IN1807,backorder,2026-06-01T00:00:00+00:00
IN1857,backorder,2026-06-01T00:00:00+00:00
IN3289,backorder,2026-06-01T00:00:00+00:00
IN3322,backorder,2026-06-01T00:00:00+00:00
IN3330,backorder,2026-06-01T00:00:00+00:00
IN932,backorder,2026-06-01T00:00:00+00:00
IN1464,backorder,2026-06-01T00:00:00+00:00
IN3497,backorder,2026-06-01T00:00:00+00:00
IN818,backorder,2026-06-01T00:00:00+00:00
IN3390,backorder,2026-06-01T00:00:00+00:00
IN3504,backorder,2026-06-01T00:00:00+00:00
IN3568,backorder,2026-06-01T00:00:00+00:00
IN3544,backorder,2026-06-01T00:00:00+00:00
IN3552,backorder,2026-06-01T00:00:00+00:00
IN3612,backorder,2026-06-01T00:00:00+00:00
IN3512,backorder,2026-06-01T00:00:00+00:00
IN3513,backorder,2026-06-01T00:00:00+00:00
IN3514,backorder,2026-06-01T00:00:00+00:00
IN3515,backorder,2026-06-01T00:00:00+00:00
IN3516,backorder,2026-06-01T00:00:00+00:00
IN3518,backorder,2026-06-01T00:00:00+00:00
IN3616,backorder,2026-06-01T00:00:00+00:00
IN3618,backorder,2026-06-01T00:00:00+00:00
IN3621,backorder,2026-06-01T00:00:00+00:00
IN3625,backorder,2026-06-01T00:00:00+00:00
IN3627,backorder,2026-06-01T00:00:00+00:00
IN3629,backorder,2026-06-01T00:00:00+00:00
IN3630,backorder,2026-06-01T00:00:00+00:00
IN3632,backorder,2026-06-01T00:00:00+00:00
IN3634,backorder,2026-06-01T00:00:00+00:00
IN3636,backorder,2026-06-01T00:00:00+00:00
IN3638,backorder,2026-06-01T00:00:00+00:00
IN3655,backorder,2026-06-01T00:00:00+00:00
IN3657,backorder,2026-06-01T00:00:00+00:00
IN3658,backorder,2026-06-01T00:00:00+00:00
IN3662,backorder,2026-06-01T00:00:00+00:00
IN3674,backorder,2026-06-01T00:00:00+00:00
IN3675,backorder,2026-06-01T00:00:00+00:00
IN3676,backorder,2026-06-01T00:00:00+00:00
IN3677,backorder,2026-06-01T00:00:00+00:00
IN038,backorder,2026-06-01T00:00:00+00:00
IN051,backorder,2026-06-01T00:00:00+00:00
IN055,backorder,2026-06-01T00:00:00+00:00
IN058,backorder,2026-06-01T00:00:00+00:00
IN065,backorder,2026-06-01T00:00:00+00:00
IN079,backorder,2026-06-01T00:00:00+00:00
IN117,backorder,2026-06-01T00:00:00+00:00
IN128,backorder,2026-06-01T00:00:00+00:00
IN134,backorder,2026-06-01T00:00:00+00:00
IN135,backorder,2026-06-01T00:00:00+00:00
IN097,backorder,2026-06-01T00:00:00+00:00
IN112,backorder,2026-06-01T00:00:00+00:00
IN121,backorder,2026-06-01T00:00:00+00:00
IN142,backorder,2026-06-01T00:00:00+00:00
IN176,backorder,2026-06-01T00:00:00+00:00
IN2004,backorder,2026-06-01T00:00:00+00:00
IN2014,backorder,2026-06-01T00:00:00+00:00
IN2015,backorder,2026-06-01T00:00:00+00:00
IN2018,backorder,2026-06-01T00:00:00+00:00
IN2020,backorder,2026-06-01T00:00:00+00:00
IN2036,backorder,2026-06-01T00:00:00+00:00
IN2040,backorder,2026-06-01T00:00:00+00:00
IN2001,backorder,2026-06-01T00:00:00+00:00
IN2003,backorder,2026-06-01T00:00:00+00:00
IN2021,backorder,2026-06-01T00:00:00+00:00
IN2023,backorder,2026-06-01T00:00:00+00:00
IN2026,backorder,2026-06-01T00:00:00+00:00
IN2028,backorder,2026-06-01T00:00:00+00:00
IN2029,backorder,2026-06-01T00:00:00+00:00
IN2032,backorder,2026-06-01T00:00:00+00:00
IN2041,backorder,2026-06-01T00:00:00+00:00
IN2042,backorder,2026-06-01T00:00:00+00:00
IN2002,backorder,2026-06-01T00:00:00+00:00
IN2010,backorder,2026-06-01T00:00:00+00:00
IN2019,backorder,2026-06-01T00:00:00+00:00
IN2024,backorder,2026-06-01T00:00:00+00:00
IN2025,backorder,2026-06-01T00:00:00+00:00
IN2030,backorder,2026-06-01T00:00:00+00:00
IN2031,backorder,2026-06-01T00:00:00+00:00
IN2033,backorder,2026-06-01T00:00:00+00:00
IN2046,backorder,2026-06-01T00:00:00+00:00
IN2044,backorder,2026-06-01T00:00:00+00:00
IN230,backorder,2026-06-01T00:00:00+00:00
IN319,backorder,2026-06-01T00:00:00+00:00
IN318,backorder,2026-06-01T00:00:00+00:00
IN295,backorder,2026-06-01T00:00:00+00:00
IN296,backorder,2026-06-01T00:00:00+00:00
IN294,backorder,2026-06-01T00:00:00+00:00
IN257,backorder,2026-06-01T00:00:00+00:00
IN020,backorder,2026-06-01T00:00:00+00:00
IN286,backorder,2026-06-01T00:00:00+00:00
IN2050,backorder,2026-06-01T00:00:00+00:00
IN2056,backorder,2026-06-01T00:00:00+00:00
IN2057,backorder,2026-06-01T00:00:00+00:00
IN2058,backorder,2026-06-01T00:00:00+00:00
IN2062,backorder,2026-06-01T00:00:00+00:00
IN2067,backorder,2026-06-01T00:00:00+00:00
IN2071,backorder,2026-06-01T00:00:00+00:00
IN2074,backorder,2026-06-01T00:00:00+00:00
IN2075,backorder,2026-06-01T00:00:00+00:00
IN2078,backorder,2026-06-01T00:00:00+00:00
IN2089,backorder,2026-06-01T00:00:00+00:00
IN2090,backorder,2026-06-01T00:00:00+00:00
IN2091,backorder,2026-06-01T00:00:00+00:00
IN2095,backorder,2026-06-01T00:00:00+00:00
IN2097,backorder,2026-06-01T00:00:00+00:00
IN183,backorder,2026-06-01T00:00:00+00:00
IN024,backorder,2026-06-01T00:00:00+00:00
IN149,backorder,2026-06-01T00:00:00+00:00
IN333,backorder,2026-06-01T00:00:00+00:00
IN2039,backorder,2026-06-01T00:00:00+00:00
IN2061,backorder,2026-06-01T00:00:00+00:00
IN2065,backorder,2026-06-01T00:00:00+00:00
IN2076,backorder,2026-06-01T00:00:00+00:00
IN2093,backorder,2026-06-01T00:00:00+00:00
IN2052,backorder,2026-06-01T00:00:00+00:00
IN357,backorder,2026-06-01T00:00:00+00:00
IN056,backorder,2026-06-01T00:00:00+00:00
IN373,backorder,2026-06-01T00:00:00+00:00
IN428,backorder,2026-06-01T00:00:00+00:00
IN430,backorder,2026-06-01T00:00:00+00:00
IN348,backorder,2026-06-01T00:00:00+00:00
IN349,backorder,2026-06-01T00:00:00+00:00
ASB300,backorder,2026-06-01T00:00:00+00:00
ASB306,backorder,2026-06-01T00:00:00+00:00
ASB441,backorder,2026-06-01T00:00:00+00:00
ASB597,backorder,2026-06-01T00:00:00+00:00
ASB604,backorder,2026-06-01T00:00:00+00:00
IN671,backorder,2026-06-01T00:00:00+00:00
IN457,backorder,2026-06-01T00:00:00+00:00
IN761,backorder,2026-06-01T00:00:00+00:00
IN762,backorder,2026-06-01T00:00:00+00:00
IN763,backorder,2026-06-01T00:00:00+00:00
IN764,backorder,2026-06-01T00:00:00+00:00
IN778,backorder,2026-06-01T00:00:00+00:00
IN779,backorder,2026-06-01T00:00:00+00:00
IN815,backorder,2026-06-01T00:00:00+00:00
IN783,backorder,2026-06-01T00:00:00+00:00
IN785,backorder,2026-06-01T00:00:00+00:00
IN822,backorder,2026-06-01T00:00:00+00:00
IN846,backorder,2026-06-01T00:00:00+00:00
IN875,backorder,2026-06-01T00:00:00+00:00
IN876,backorder,2026-06-01T00:00:00+00:00
IN2099,backorder,2026-06-01T00:00:00+00:00
IN903,backorder,2026-06-01T00:00:00+00:00
IN2054,backorder,2026-06-01T00:00:00+00:00
IN930,backorder,2026-06-01T00:00:00+00:00
IN972,backorder,2026-06-01T00:00:00+00:00
ASB433,backorder,2026-06-01T00:00:00+00:00
IN744,backorder,2026-06-01T00:00:00+00:00
IN757,backorder,2026-06-01T00:00:00+00:00
IN1005,backorder,2026-06-01T00:00:00+00:00
IN767,backorder,2026-06-01T00:00:00+00:00
IN976,backorder,2026-06-01T00:00:00+00:00
IN1153,backorder,2026-06-01T00:00:00+00:00
IN1202,backorder,2026-06-01T00:00:00+00:00
IN1371,backorder,2026-06-01T00:00:00+00:00
IN1372,backorder,2026-06-01T00:00:00+00:00
IN1066,backorder,2026-06-01T00:00:00+00:00
IN1220,backorder,2026-06-01T00:00:00+00:00
IN747,backorder,2026-06-01T00:00:00+00:00
IN1380,backorder,2026-06-01T00:00:00+00:00
IN1323,backorder,2026-06-01T00:00:00+00:00
IN1399,backorder,2026-06-01T00:00:00+00:00
IN1408,backorder,2026-06-01T00:00:00+00:00
IN1414,backorder,2026-06-01T00:00:00+00:00
IN1415,backorder,2026-06-01T00:00:00+00:00
IN1419,backorder,2026-06-01T00:00:00+00:00
IN1424,backorder,2026-06-01T00:00:00+00:00
ASB287,backorder,2026-06-01T00:00:00+00:00
IN1427,backorder,2026-06-01T00:00:00+00:00
IN1432,backorder,2026-06-01T00:00:00+00:00
IN1433,backorder,2026-06-01T00:00:00+00:00
IN1435,backorder,2026-06-01T00:00:00+00:00
IN1444,backorder,2026-06-01T00:00:00+00:00
IN1447,backorder,2026-06-01T00:00:00+00:00
IN1449,backorder,2026-06-01T00:00:00+00:00
IN1456,backorder,2026-06-01T00:00:00+00:00
IN1487,backorder,2026-06-01T00:00:00+00:00
IN1087,backorder,2026-06-01T00:00:00+00:00
IN1548,backorder,2026-06-01T00:00:00+00:00
IN1601,backorder,2026-06-01T00:00:00+00:00
IN1602,backorder,2026-06-01T00:00:00+00:00
IN1561,backorder,2026-06-01T00:00:00+00:00
IN1566,backorder,2026-06-01T00:00:00+00:00
IN1568,backorder,2026-06-01T00:00:00+00:00
IN1505,backorder,2026-06-01T00:00:00+00:00
IN1509,backorder,2026-06-01T00:00:00+00:00
IN1562,backorder,2026-06-01T00:00:00+00:00
IN1555,backorder,2026-06-01T00:00:00+00:00
IN1560,backorder,2026-06-01T00:00:00+00:00
IN1642,backorder,2026-06-01T00:00:00+00:00
IN1644,backorder,2026-06-01T00:00:00+00:00
IN1646,backorder,2026-06-01T00:00:00+00:00
IN1647,backorder,2026-06-01T00:00:00+00:00
IN1651,backorder,2026-06-01T00:00:00+00:00
IN1633,backorder,2026-06-01T00:00:00+00:00
IN1664,backorder,2026-06-01T00:00:00+00:00
IN1656,backorder,2026-06-01T00:00:00+00:00
IN1659,backorder,2026-06-01T00:00:00+00:00
IN1679,backorder,2026-06-01T00:00:00+00:00
IN1680,backorder,2026-06-01T00:00:00+00:00
ASB274,backorder,2026-06-01T00:00:00+00:00
IN1682,backorder,2026-06-01T00:00:00+00:00
IN1687,backorder,2026-06-01T00:00:00+00:00
IN1704,backorder,2026-06-01T00:00:00+00:00
IN1705,backorder,2026-06-01T00:00:00+00:00
IN1716,backorder,2026-06-01T00:00:00+00:00
IN1720,backorder,2026-06-01T00:00:00+00:00
IN1740,backorder,2026-06-01T00:00:00+00:00
IN1742,backorder,2026-06-01T00:00:00+00:00
IN1728,backorder,2026-06-01T00:00:00+00:00
IN2115,backorder,2026-06-01T00:00:00+00:00
IN1779,backorder,2026-06-01T00:00:00+00:00
IN1782,backorder,2026-06-01T00:00:00+00:00
IN1783,backorder,2026-06-01T00:00:00+00:00
IN1785,backorder,2026-06-01T00:00:00+00:00
IN1788,backorder,2026-06-01T00:00:00+00:00
IN1790,backorder,2026-06-01T00:00:00+00:00
IN1791,backorder,2026-06-01T00:00:00+00:00
IN1799,backorder,2026-06-01T00:00:00+00:00
IN1800,backorder,2026-06-01T00:00:00+00:00
IN1802,backorder,2026-06-01T00:00:00+00:00
IN1803,backorder,2026-06-01T00:00:00+00:00
IN1805,backorder,2026-06-01T00:00:00+00:00
IN1808,backorder,2026-06-01T00:00:00+00:00
IN1809,backorder,2026-06-01T00:00:00+00:00
IN1810,backorder,2026-06-01T00:00:00+00:00
IN1815,backorder,2026-06-01T00:00:00+00:00
IN1817,backorder,2026-06-01T00:00:00+00:00
IN1818,backorder,2026-06-01T00:00:00+00:00
IN1819,backorder,2026-06-01T00:00:00+00:00
IN1830,backorder,2026-06-01T00:00:00+00:00
IN1840,backorder,2026-06-01T00:00:00+00:00
IN1845,backorder,2026-06-01T00:00:00+00:00
IN1846,backorder,2026-06-01T00:00:00+00:00
IN3276,backorder,2026-06-01T00:00:00+00:00
IN3283,backorder,2026-06-01T00:00:00+00:00
IN3294,backorder,2026-06-01T00:00:00+00:00
IN3318,backorder,2026-06-01T00:00:00+00:00
IN2119,backorder,2026-06-01T00:00:00+00:00
IN3352,backorder,2026-06-01T00:00:00+00:00
IN1047,backorder,2026-06-01T00:00:00+00:00
IN3464,backorder,2026-06-01T00:00:00+00:00
IN1294,backorder,2026-06-01T00:00:00+00:00
IN1586,backorder,2026-06-01T00:00:00+00:00
IN857,backorder,2026-06-01T00:00:00+00:00
IN1325,backorder,2026-06-01T00:00:00+00:00
IN828,backorder,2026-06-01T00:00:00+00:00
IN860,backorder,2026-06-01T00:00:00+00:00
IN677,backorder,2026-06-01T00:00:00+00:00
IN2107,backorder,2026-06-01T00:00:00+00:00
IN1489,backorder,2026-06-01T00:00:00+00:00
IN377,backorder,2026-06-01T00:00:00+00:00
IN059,backorder,2026-06-01T00:00:00+00:00
IN995,backorder,2026-06-01T00:00:00+00:00
IN217,backorder,2026-06-01T00:00:00+00:00
IN359,backorder,2026-06-01T00:00:00+00:00
IN329,backorder,2026-06-01T00:00:00+00:00
IN355,backorder,2026-06-01T00:00:00+00:00
IN364,backorder,2026-06-01T00:00:00+00:00
IN184,backorder,2026-06-01T00:00:00+00:00
IN236,backorder,2026-06-01T00:00:00+00:00
IN282,backorder,2026-06-01T00:00:00+00:00
IN298,backorder,2026-06-01T00:00:00+00:00
IN277,backorder,2026-06-01T00:00:00+00:00
IN264,backorder,2026-06-01T00:00:00+00:00
IN225,backorder,2026-06-01T00:00:00+00:00
ASB301,backorder,2026-06-01T00:00:00+00:00
IN076,backorder,2026-06-01T00:00:00+00:00
IN005,backorder,2026-06-01T00:00:00+00:00
IN1787,backorder,2026-06-01T00:00:00+00:00
IN1322,backorder,2026-06-01T00:00:00+00:00
IN1000,backorder,2026-06-01T00:00:00+00:00
IN1377,backorder,2026-06-01T00:00:00+00:00
IN1140,backorder,2026-06-01T00:00:00+00:00
IN1291,backorder,2026-06-01T00:00:00+00:00
IN1281,backorder,2026-06-01T00:00:00+00:00
IN1218,backorder,2026-06-01T00:00:00+00:00
IN774,backorder,2026-06-01T00:00:00+00:00
IN997,backorder,2026-06-01T00:00:00+00:00
IN756,backorder,2026-06-01T00:00:00+00:00
IN919,backorder,2026-06-01T00:00:00+00:00
IN920,backorder,2026-06-01T00:00:00+00:00
IN842,backorder,2026-06-01T00:00:00+00:00
IN849,backorder,2026-06-01T00:00:00+00:00
IN854,backorder,2026-06-01T00:00:00+00:00
IN790,backorder,2026-06-01T00:00:00+00:00
IN784,backorder,2026-06-01T00:00:00+00:00
IN692,backorder,2026-06-01T00:00:00+00:00
IN710,backorder,2026-06-01T00:00:00+00:00
IN946,backorder,2026-06-01T00:00:00+00:00
IN843,backorder,2026-06-01T00:00:00+00:00
IN167,backorder,2026-06-01T00:00:00+00:00
IN447,backorder,2026-06-01T00:00:00+00:00
IN346,backorder,2026-06-01T00:00:00+00:00
IN525,backorder,2026-06-01T00:00:00+00:00
IN526,backorder,2026-06-01T00:00:00+00:00
IN429,backorder,2026-06-01T00:00:00+00:00
IN2109,backorder,2026-06-01T00:00:00+00:00
IN2113,backorder,2026-06-01T00:00:00+00:00
IN2114,backorder,2026-06-01T00:00:00+00:00
IN2118,backorder,2026-06-01T00:00:00+00:00
IN2120,backorder,2026-06-01T00:00:00+00:00
IN2122,backorder,2026-06-01T00:00:00+00:00
IN2125,backorder,2026-06-01T00:00:00+00:00
IN2127,backorder,2026-06-01T00:00:00+00:00
IN2130,backorder,2026-06-01T00:00:00+00:00
IN2132,backorder,2026-06-01T00:00:00+00:00
IN2133,backorder,2026-06-01T00:00:00+00:00
IN2134,backorder,2026-06-01T00:00:00+00:00
IN2136,backorder,2026-06-01T00:00:00+00:00
IN2139,backorder,2026-06-01T00:00:00+00:00
IN2140,backorder,2026-06-01T00:00:00+00:00
IN2145,backorder,2026-06-01T00:00:00+00:00
IN2146,backorder,2026-06-01T00:00:00+00:00
IN2110,backorder,2026-06-01T00:00:00+00:00
IN2111,backorder,2026-06-01T00:00:00+00:00
IN2112,backorder,2026-06-01T00:00:00+00:00
IN3365,backorder,2026-06-01T00:00:00+00:00
IN3366,backorder,2026-06-01T00:00:00+00:00
IN3369,backorder,2026-06-01T00:00:00+00:00
IN3370,backorder,2026-06-01T00:00:00+00:00
IN1594,backorder,2026-06-01T00:00:00+00:00
IN1012,backorder,2026-06-01T00:00:00+00:00
IN006,backorder,2026-06-01T00:00:00+00:00
IN007,backorder,2026-06-01T00:00:00+00:00
IN042,backorder,2026-06-01T00:00:00+00:00
IN082,backorder,2026-06-01T00:00:00+00:00
IN088,backorder,2026-06-01T00:00:00+00:00
IN119,backorder,2026-06-01T00:00:00+00:00
IN144,backorder,2026-06-01T00:00:00+00:00
IN245,backorder,2026-06-01T00:00:00+00:00
IN253,backorder,2026-06-01T00:00:00+00:00
IN458,backorder,2026-06-01T00:00:00+00:00
IN474,backorder,2026-06-01T00:00:00+00:00
IN479,backorder,2026-06-01T00:00:00+00:00
IN481,backorder,2026-06-01T00:00:00+00:00
IN074,backorder,2026-06-01T00:00:00+00:00
IN1003,backorder,2026-06-01T00:00:00+00:00
IN1006,backorder,2026-06-01T00:00:00+00:00
IN1007,backorder,2026-06-01T00:00:00+00:00
IN213,backorder,2026-06-01T00:00:00+00:00
IN235,backorder,2026-06-01T00:00:00+00:00
IN260,backorder,2026-06-01T00:00:00+00:00
IN276,backorder,2026-06-01T00:00:00+00:00
IN324,backorder,2026-06-01T00:00:00+00:00
IN362,backorder,2026-06-01T00:00:00+00:00
IN371,backorder,2026-06-01T00:00:00+00:00
IN701,backorder,2026-06-01T00:00:00+00:00
IN738,backorder,2026-06-01T00:00:00+00:00
IN782,backorder,2026-06-01T00:00:00+00:00
IN848,backorder,2026-06-01T00:00:00+00:00
IN861,backorder,2026-06-01T00:00:00+00:00
IN1451,backorder,2026-06-01T00:00:00+00:00
IN1458,backorder,2026-06-01T00:00:00+00:00
IN1459,backorder,2026-06-01T00:00:00+00:00
IN1480,backorder,2026-06-01T00:00:00+00:00
IN1482,backorder,2026-06-01T00:00:00+00:00
IN1504,backorder,2026-06-01T00:00:00+00:00
IN1532,backorder,2026-06-01T00:00:00+00:00
IN1558,backorder,2026-06-01T00:00:00+00:00
IN1565,backorder,2026-06-01T00:00:00+00:00
IN1567,backorder,2026-06-01T00:00:00+00:00
IN1591,backorder,2026-06-01T00:00:00+00:00
IN1595,backorder,2026-06-01T00:00:00+00:00
IN1620,backorder,2026-06-01T00:00:00+00:00
IN1855,backorder,2026-06-01T00:00:00+00:00
IN2073,backorder,2026-06-01T00:00:00+00:00
IN2106,backorder,2026-06-01T00:00:00+00:00
IN545,backorder,2026-06-01T00:00:00+00:00
IN222,backorder,2026-06-01T00:00:00+00:00
IN544,backorder,2026-06-01T00:00:00+00:00
IN1592,backorder,2026-06-01T00:00:00+00:00
IN1593,backorder,2026-06-01T00:00:00+00:00
IN1498,backorder,2026-06-01T00:00:00+00:00
IN1526,backorder,2026-06-01T00:00:00+00:00
IN2079,backorder,2026-06-01T00:00:00+00:00
IN3486,backorder,2026-06-01T00:00:00+00:00
IN3495,backorder,2026-06-01T00:00:00+00:00
IN3496,backorder,2026-06-01T00:00:00+00:00
IN1627,backorder,2026-06-01T00:00:00+00:00
IN1638,backorder,2026-06-01T00:00:00+00:00
IN1508,backorder,2026-06-01T00:00:00+00:00
IN1517,backorder,2026-06-01T00:00:00+00:00
IN1529,backorder,2026-06-01T00:00:00+00:00
IN1531,backorder,2026-06-01T00:00:00+00:00
IN1585,backorder,2026-06-01T00:00:00+00:00
IN1839,backorder,2026-06-01T00:00:00+00:00
IN1612,backorder,2026-06-01T00:00:00+00:00
IN1470,backorder,2026-06-01T00:00:00+00:00
IN1673,backorder,2026-06-01T00:00:00+00:00
IN1412,backorder,2026-06-01T00:00:00+00:00
IN131,backorder,2026-06-01T00:00:00+00:00
IN2000,backorder,2026-06-01T00:00:00+00:00
IN372,backorder,2026-06-01T00:00:00+00:00
IN462,backorder,2026-06-01T00:00:00+00:00
IN476,backorder,2026-06-01T00:00:00+00:00
IN491,backorder,2026-06-01T00:00:00+00:00
IN516,backorder,2026-06-01T00:00:00+00:00
IN517,backorder,2026-06-01T00:00:00+00:00
IN529,backorder,2026-06-01T00:00:00+00:00
IN536,backorder,2026-06-01T00:00:00+00:00
IN693,backorder,2026-06-01T00:00:00+00:00
IN697,backorder,2026-06-01T00:00:00+00:00
IN698,backorder,2026-06-01T00:00:00+00:00
IN699,backorder,2026-06-01T00:00:00+00:00
IN700,backorder,2026-06-01T00:00:00+00:00
IN715,backorder,2026-06-01T00:00:00+00:00
IN725,backorder,2026-06-01T00:00:00+00:00
IN726,backorder,2026-06-01T00:00:00+00:00
IN727,backorder,2026-06-01T00:00:00+00:00
IN729,backorder,2026-06-01T00:00:00+00:00
IN730,backorder,2026-06-01T00:00:00+00:00
IN760,backorder,2026-06-01T00:00:00+00:00
IN791,backorder,2026-06-01T00:00:00+00:00
IN826,backorder,2026-06-01T00:00:00+00:00
IN829,backorder,2026-06-01T00:00:00+00:00
IN830,backorder,2026-06-01T00:00:00+00:00
IN836,backorder,2026-06-01T00:00:00+00:00
IN837,backorder,2026-06-01T00:00:00+00:00
IN847,backorder,2026-06-01T00:00:00+00:00
IN850,backorder,2026-06-01T00:00:00+00:00
IN851,backorder,2026-06-01T00:00:00+00:00
IN852,backorder,2026-06-01T00:00:00+00:00
IN853,backorder,2026-06-01T00:00:00+00:00
IN895,backorder,2026-06-01T00:00:00+00:00
IN896,backorder,2026-06-01T00:00:00+00:00
IN897,backorder,2026-06-01T00:00:00+00:00
IN898,backorder,2026-06-01T00:00:00+00:00
IN900,backorder,2026-06-01T00:00:00+00:00
IN913,backorder,2026-06-01T00:00:00+00:00
IN915,backorder,2026-06-01T00:00:00+00:00
IN918,backorder,2026-06-01T00:00:00+00:00
IN922,backorder,2026-06-01T00:00:00+00:00
IN924,backorder,2026-06-01T00:00:00+00:00
IN925,backorder,2026-06-01T00:00:00+00:00
IN926,backorder,2026-06-01T00:00:00+00:00
IN927,backorder,2026-06-01T00:00:00+00:00
IN940,backorder,2026-06-01T00:00:00+00:00
IN1010,backorder,2026-06-01T00:00:00+00:00
IN1013,backorder,2026-06-01T00:00:00+00:00
IN1015,backorder,2026-06-01T00:00:00+00:00
IN1101,backorder,2026-06-01T00:00:00+00:00
IN1219,backorder,2026-06-01T00:00:00+00:00
IN1270,backorder,2026-06-01T00:00:00+00:00
IN1276,backorder,2026-06-01T00:00:00+00:00
IN1277,backorder,2026-06-01T00:00:00+00:00
IN1278,backorder,2026-06-01T00:00:00+00:00
IN1280,backorder,2026-06-01T00:00:00+00:00
IN1282,backorder,2026-06-01T00:00:00+00:00
IN1283,backorder,2026-06-01T00:00:00+00:00
IN1284,backorder,2026-06-01T00:00:00+00:00
IN1285,backorder,2026-06-01T00:00:00+00:00
IN1287,backorder,2026-06-01T00:00:00+00:00
IN1289,backorder,2026-06-01T00:00:00+00:00
IN1290,backorder,2026-06-01T00:00:00+00:00
IN1295,backorder,2026-06-01T00:00:00+00:00
IN1373,backorder,2026-06-01T00:00:00+00:00
IN1428,backorder,2026-06-01T00:00:00+00:00
IN1430,backorder,2026-06-01T00:00:00+00:00
IN1445,backorder,2026-06-01T00:00:00+00:00
IN1446,backorder,2026-06-01T00:00:00+00:00
IN1450,backorder,2026-06-01T00:00:00+00:00
IN1452,backorder,2026-06-01T00:00:00+00:00
IN1453,backorder,2026-06-01T00:00:00+00:00
IN742,backorder,2026-06-01T00:00:00+00:00
IN751,backorder,2026-06-01T00:00:00+00:00
IN754,backorder,2026-06-01T00:00:00+00:00
IN768,backorder,2026-06-01T00:00:00+00:00
IN772,backorder,2026-06-01T00:00:00+00:00
IN773,backorder,2026-06-01T00:00:00+00:00
IN775,backorder,2026-06-01T00:00:00+00:00
IN886,backorder,2026-06-01T00:00:00+00:00
IN980,backorder,2026-06-01T00:00:00+00:00
IN981,backorder,2026-06-01T00:00:00+00:00
IN983,backorder,2026-06-01T00:00:00+00:00
IN766,backorder,2026-06-01T00:00:00+00:00
IN771,backorder,2026-06-01T00:00:00+00:00
IN882,backorder,2026-06-01T00:00:00+00:00
IN883,backorder,2026-06-01T00:00:00+00:00
IN885,backorder,2026-06-01T00:00:00+00:00
IN923,backorder,2026-06-01T00:00:00+00:00
IN936,backorder,2026-06-01T00:00:00+00:00
IN943,backorder,2026-06-01T00:00:00+00:00
IN944,backorder,2026-06-01T00:00:00+00:00
IN945,backorder,2026-06-01T00:00:00+00:00
IN963,backorder,2026-06-01T00:00:00+00:00
IN973,backorder,2026-06-01T00:00:00+00:00
ASB319,backorder,2026-06-01T00:00:00+00:00
IN133,backorder,2026-06-01T00:00:00+00:00
IN011,backorder,2026-06-01T00:00:00+00:00
IN287,backorder,2026-06-01T00:00:00+00:00
IN061,backorder,2026-06-01T00:00:00+00:00
IN267,backorder,2026-06-01T00:00:00+00:00
IN017,backorder,2026-06-01T00:00:00+00:00
IN206,backorder,2026-06-01T00:00:00+00:00
IN211,backorder,2026-06-01T00:00:00+00:00
IN250,backorder,2026-06-01T00:00:00+00:00
IN248,backorder,2026-06-01T00:00:00+00:00
IN034,backorder,2026-06-01T00:00:00+00:00
IN255,backorder,2026-06-01T00:00:00+00:00
IN027,backorder,2026-06-01T00:00:00+00:00
IN179,backorder,2026-06-01T00:00:00+00:00
IN047,backorder,2026-06-01T00:00:00+00:00
IN221,backorder,2026-06-01T00:00:00+00:00
IN137,backorder,2026-06-01T00:00:00+00:00
IN002,backorder,2026-06-01T00:00:00+00:00
IN019,backorder,2026-06-01T00:00:00+00:00
IN028,backorder,2026-06-01T00:00:00+00:00
IN274,backorder,2026-06-01T00:00:00+00:00
IN036,backorder,2026-06-01T00:00:00+00:00
IN001,backorder,2026-06-01T00:00:00+00:00
IN013,backorder,2026-06-01T00:00:00+00:00
IN004,backorder,2026-06-01T00:00:00+00:00
IN044,backorder,2026-06-01T00:00:00+00:00
IN041,backorder,2026-06-01T00:00:00+00:00
IN175,backorder,2026-06-01T00:00:00+00:00
IN003,backorder,2026-06-01T00:00:00+00:00
IN212,backorder,2026-06-01T00:00:00+00:00
IN026,backorder,2026-06-01T00:00:00+00:00
IN008,backorder,2026-06-01T00:00:00+00:00
IN218,backorder,2026-06-01T00:00:00+00:00
IN214,backorder,2026-06-01T00:00:00+00:00
IN062,backorder,2026-06-01T00:00:00+00:00
IN022,backorder,2026-06-01T00:00:00+00:00
IN115,backorder,2026-06-01T00:00:00+00:00
IN124,backorder,2026-06-01T00:00:00+00:00
IN066,backorder,2026-06-01T00:00:00+00:00
IN067,backorder,2026-06-01T00:00:00+00:00
IN069,backorder,2026-06-01T00:00:00+00:00
IN071,backorder,2026-06-01T00:00:00+00:00
IN077,backorder,2026-06-01T00:00:00+00:00
IN081,backorder,2026-06-01T00:00:00+00:00
IN098,backorder,2026-06-01T00:00:00+00:00
IN099,backorder,2026-06-01T00:00:00+00:00
IN010,backorder,2026-06-01T00:00:00+00:00
IN045,backorder,2026-06-01T00:00:00+00:00
IN141,backorder,2026-06-01T00:00:00+00:00
IN249,backorder,2026-06-01T00:00:00+00:00
IN1324,backorder,2026-06-01T00:00:00+00:00
IN3561,backorder,2026-06-01T00:00:00+00:00
IN3562,backorder,2026-06-01T00:00:00+00:00
IN3574,backorder,2026-06-01T00:00:00+00:00
IN3580,backorder,2026-06-01T00:00:00+00:00
IN3581,backorder,2026-06-01T00:00:00+00:00
IN3579,backorder,2026-06-01T00:00:00+00:00
IN3596,backorder,2026-06-01T00:00:00+00:00
IN3585,backorder,2026-06-01T00:00:00+00:00
IN272,backorder,2026-06-01T00:00:00+00:00
IN3622,backorder,2026-06-01T00:00:00+00:00
IN3623,backorder,2026-06-01T00:00:00+00:00
IN3624,backorder,2026-06-01T00:00:00+00:00
IN3640,backorder,2026-06-01T00:00:00+00:00
IN3647,backorder,2026-06-01T00:00:00+00:00
IN3648,backorder,2026-06-01T00:00:00+00:00
IN3646,backorder,2026-06-01T00:00:00+00:00
IN3653,backorder,2026-06-01T00:00:00+00:00
IN3645,backorder,2026-06-01T00:00:00+00:00
IN3649,backorder,2026-06-01T00:00:00+00:00
IN244,backorder,2026-06-01T00:00:00+00:00
IN3686,backorder,2026-06-01T00:00:00+00:00
IN3269,backorder,2026-06-01T00:00:00+00:00
IN3688,backorder,2026-06-01T00:00:00+00:00
IN3672,backorder,2026-06-01T00:00:00+00:00
IN3717,backorder,2026-06-01T00:00:00+00:00
IN3718,backorder,2026-06-01T00:00:00+00:00
IN3712,backorder,2026-06-01T00:00:00+00:00
IN3735,backorder,2026-06-01T00:00:00+00:00
IN3461,backorder,2026-06-01T00:00:00+00:00
IN3719,backorder,2026-06-01T00:00:00+00:00
IN1981,backorder,2026-06-01T00:00:00+00:00
IN3680,backorder,2026-06-01T00:00:00+00:00
IN3729,backorder,2026-06-01T00:00:00+00:00
IN3681,backorder,2026-06-01T00:00:00+00:00
IN3056,backorder,2026-06-01T00:00:00+00:00
IN3713,backorder,2026-06-01T00:00:00+00:00
IN3714,backorder,2026-06-01T00:00:00+00:00
IN3694,backorder,2026-06-01T00:00:00+00:00
IN3720,backorder,2026-06-01T00:00:00+00:00
IN3683,backorder,2026-06-01T00:00:00+00:00
IN3728,backorder,2026-06-01T00:00:00+00:00
IN3723,backorder,2026-06-01T00:00:00+00:00
IN1913,backorder,2026-06-01T00:00:00+00:00
IN3711,backorder,2026-06-01T00:00:00+00:00
IN3716,backorder,2026-06-01T00:00:00+00:00
IN3721,backorder,2026-06-01T00:00:00+00:00
IN3670,backorder,2026-06-01T00:00:00+00:00
IN3665,backorder,2026-06-01T00:00:00+00:00
IN3667,backorder,2026-06-01T00:00:00+00:00
IN3745,backorder,2026-06-01T00:00:00+00:00
IN3734,backorder,2026-06-01T00:00:00+00:00
IN3771,backorder,2026-06-01T00:00:00+00:00
IN3751,backorder,2026-06-01T00:00:00+00:00
IN3757,backorder,2026-06-01T00:00:00+00:00
IN1002,backorder,2026-06-01T00:00:00+00:00
ASB454,backorder,2026-06-01T00:00:00+00:00
IN1342,backorder,2026-06-01T00:00:00+00:00
IN1549,backorder,2026-06-01T00:00:00+00:00
IN1717,backorder,2026-06-01T00:00:00+00:00
IN1527,backorder,2026-06-01T00:00:00+00:00
IN3736,backorder,2026-06-01T00:00:00+00:00
IN3750,backorder,2026-06-01T00:00:00+00:00
IN1045,backorder,2026-06-01T00:00:00+00:00
IN1410,backorder,2026-06-01T00:00:00+00:00
IN1473,backorder,2026-06-01T00:00:00+00:00
IN755,backorder,2026-06-01T00:00:00+00:00
IN519,backorder,2026-06-01T00:00:00+00:00
IN1534,backorder,2026-06-01T00:00:00+00:00
IN1524,backorder,2026-06-01T00:00:00+00:00
IN1525,backorder,2026-06-01T00:00:00+00:00
IN3779,backorder,2026-06-01T00:00:00+00:00
IN3753,backorder,2026-06-01T00:00:00+00:00
IN1417,backorder,2026-06-01T00:00:00+00:00
IN1080,backorder,2026-06-01T00:00:00+00:00
IN1536,backorder,2026-06-01T00:00:00+00:00
IN3732,backorder,2026-06-01T00:00:00+00:00
IN1009,backorder,2026-06-01T00:00:00+00:00
IN1477,backorder,2026-06-01T00:00:00+00:00
IN3756,backorder,2026-06-01T00:00:00+00:00
IN1636,backorder,2026-06-01T00:00:00+00:00
IN1327,backorder,2026-06-01T00:00:00+00:00
IN1422,backorder,2026-06-01T00:00:00+00:00
IN1523,backorder,2026-06-01T00:00:00+00:00
IN1381,backorder,2026-06-01T00:00:00+00:00
IN3782,backorder,2026-06-01T00:00:00+00:00
IN322,backorder,2026-06-01T00:00:00+00:00
IN1530,backorder,2026-06-01T00:00:00+00:00
IN3758,backorder,2026-06-01T00:00:00+00:00
IN3781,backorder,2026-06-01T00:00:00+00:00
IN3726,backorder,2026-06-01T00:00:00+00:00
IN1533,backorder,2026-06-01T00:00:00+00:00
IN1046,backorder,2026-06-01T00:00:00+00:00
ASB373,backorder,2026-06-01T00:00:00+00:00
ASB372,backorder,2026-06-01T00:00:00+00:00
IN1670,backorder,2026-06-01T00:00:00+00:00
IN724,backorder,2026-06-01T00:00:00+00:00
IN3744,backorder,2026-06-01T00:00:00+00:00
IN786,backorder,2026-06-01T00:00:00+00:00
IN991,backorder,2026-06-01T00:00:00+00:00
IN914,backorder,2026-06-01T00:00:00+00:00
IN1515,backorder,2026-06-01T00:00:00+00:00
IN1607,backorder,2026-06-01T00:00:00+00:00
IN1541,backorder,2026-06-01T00:00:00+00:00
IN3722,backorder,2026-06-01T00:00:00+00:00
IN1665,backorder,2026-06-01T00:00:00+00:00
IN901,backorder,2026-06-01T00:00:00+00:00
IN844,backorder,2026-06-01T00:00:00+00:00
IN1083,backorder,2026-06-01T00:00:00+00:00
IN723,backorder,2026-06-01T00:00:00+00:00
ASB374,backorder,2026-06-01T00:00:00+00:00
IN1605,backorder,2026-06-01T00:00:00+00:00
IN1511,backorder,2026-06-01T00:00:00+00:00
IN990,backorder,2026-06-01T00:00:00+00:00
IN1719,backorder,2026-06-01T00:00:00+00:00
IN3739,backorder,2026-06-01T00:00:00+00:00
IN1606,backorder,2026-06-01T00:00:00+00:00
IN2045,backorder,2026-06-01T00:00:00+00:00
IN1690,backorder,2026-06-01T00:00:00+00:00
IN998,backorder,2026-06-01T00:00:00+00:00
IN374,backorder,2026-06-01T00:00:00+00:00
IN1078,backorder,2026-06-01T00:00:00+00:00
IN1613,backorder,2026-06-01T00:00:00+00:00
IN1521,backorder,2026-06-01T00:00:00+00:00
IN178,backorder,2026-06-01T00:00:00+00:00
IN1588,backorder,2026-06-01T00:00:00+00:00
IN916,backorder,2026-06-01T00:00:00+00:00
IN3689,backorder,2026-06-01T00:00:00+00:00
IN788,backorder,2026-06-01T00:00:00+00:00
IN721,backorder,2026-06-01T00:00:00+00:00
IN1587,backorder,2026-06-01T00:00:00+00:00
IN787,backorder,2026-06-01T00:00:00+00:00
IN1513,backorder,2026-06-01T00:00:00+00:00
IN1082,backorder,2026-06-01T00:00:00+00:00
IN472,backorder,2026-06-01T00:00:00+00:00
IN375,backorder,2026-06-01T00:00:00+00:00
IN694,backorder,2026-06-01T00:00:00+00:00
IN241,backorder,2026-06-01T00:00:00+00:00
IN1203,backorder,2026-06-01T00:00:00+00:00
IN1391,backorder,2026-06-01T00:00:00+00:00
IN1392,backorder,2026-06-01T00:00:00+00:00
IN1640,backorder,2026-06-01T00:00:00+00:00
IN451,backorder,2026-06-01T00:00:00+00:00
IN1528,backorder,2026-06-01T00:00:00+00:00
IN1389,backorder,2026-06-01T00:00:00+00:00
IN1268,backorder,2026-06-01T00:00:00+00:00
IN1519,backorder,2026-06-01T00:00:00+00:00
IN1481,backorder,2026-06-01T00:00:00+00:00
IN1390,backorder,2026-06-01T00:00:00+00:00
IN1520,backorder,2026-06-01T00:00:00+00:00
IN1416,backorder,2026-06-01T00:00:00+00:00
IN728,backorder,2026-06-01T00:00:00+00:00
IN1084,backorder,2026-06-01T00:00:00+00:00
IN1402,backorder,2026-06-01T00:00:00+00:00
IN363,backorder,2026-06-01T00:00:00+00:00
IN1676,backorder,2026-06-01T00:00:00+00:00
IN1233,backorder,2026-06-01T00:00:00+00:00
IN1547,backorder,2026-06-01T00:00:00+00:00
IN1641,backorder,2026-06-01T00:00:00+00:00
IN3149,backorder,2026-06-01T00:00:00+00:00
IN431,backorder,2026-06-01T00:00:00+00:00
IN136,backorder,2026-06-01T00:00:00+00:00
IN351,backorder,2026-06-01T00:00:00+00:00
IN450,backorder,2026-06-01T00:00:00+00:00
IN452,backorder,2026-06-01T00:00:00+00:00
IN1406,backorder,2026-06-01T00:00:00+00:00
IN1386,backorder,2026-06-01T00:00:00+00:00
IN735,backorder,2026-06-01T00:00:00+00:00
IN1506,backorder,2026-06-01T00:00:00+00:00
IN347,backorder,2026-06-01T00:00:00+00:00
IN1394,backorder,2026-06-01T00:00:00+00:00
IN1085,backorder,2026-06-01T00:00:00+00:00
IN1393,backorder,2026-06-01T00:00:00+00:00
IN1388,backorder,2026-06-01T00:00:00+00:00
IN1518,backorder,2026-06-01T00:00:00+00:00
IN3074,backorder,2026-06-01T00:00:00+00:00
IN1086,backorder,2026-06-01T00:00:00+00:00
IN1608,backorder,2026-06-01T00:00:00+00:00
IN1441,backorder,2026-06-01T00:00:00+00:00
IN884,backorder,2026-06-01T00:00:00+00:00
IN753,backorder,2026-06-01T00:00:00+00:00
IN1405,backorder,2026-06-01T00:00:00+00:00
IN1495,backorder,2026-06-01T00:00:00+00:00
IN1589,backorder,2026-06-01T00:00:00+00:00
IN950,backorder,2026-06-01T00:00:00+00:00
IN1486,backorder,2026-06-01T00:00:00+00:00
IN1743,backorder,2026-06-01T00:00:00+00:00
IN3748,backorder,2026-06-01T00:00:00+00:00
IN917,backorder,2026-06-01T00:00:00+00:00
IN543,backorder,2026-06-01T00:00:00+00:00
IN1378,backorder,2026-06-01T00:00:00+00:00
IN1581,backorder,2026-06-01T00:00:00+00:00
IN2072,backorder,2026-06-01T00:00:00+00:00
IN3690,backorder,2026-06-01T00:00:00+00:00
IN1469,backorder,2026-06-01T00:00:00+00:00
IN1563,backorder,2026-06-01T00:00:00+00:00
IN1397,backorder,2026-06-01T00:00:00+00:00
IN1564,backorder,2026-06-01T00:00:00+00:00
IN1274,backorder,2026-06-01T00:00:00+00:00
IN1522,backorder,2026-06-01T00:00:00+00:00
IN1706,backorder,2026-06-01T00:00:00+00:00
IN3639,backorder,2026-06-01T00:00:00+00:00
IN3705,backorder,2026-06-01T00:00:00+00:00
IN2117,backorder,2026-06-01T00:00:00+00:00
IN752,backorder,2026-06-01T00:00:00+00:00
IN1468,backorder,2026-06-01T00:00:00+00:00
IN3679,backorder,2026-06-01T00:00:00+00:00
IN237-1,backorder,2026-06-01T00:00:00+00:00
IN1678,backorder,2026-06-01T00:00:00+00:00
IN827,backorder,2026-06-01T00:00:00+00:00
IN484,backorder,2026-06-01T00:00:00+00:00
IN1494,backorder,2026-06-01T00:00:00+00:00
IN864,backorder,2026-06-01T00:00:00+00:00
IN1550,backorder,2026-06-01T00:00:00+00:00
IN1652,backorder,2026-06-01T00:00:00+00:00
IN3707,backorder,2026-06-01T00:00:00+00:00
IN1666,backorder,2026-06-01T00:00:00+00:00
IN1403,backorder,2026-06-01T00:00:00+00:00
IN668,backorder,2026-06-01T00:00:00+00:00
IN1611,backorder,2026-06-01T00:00:00+00:00
IN1404,backorder,2026-06-01T00:00:00+00:00
IN1421,backorder,2026-06-01T00:00:00+00:00
IN1025,backorder,2026-06-01T00:00:00+00:00
IN1626,backorder,2026-06-01T00:00:00+00:00
IN1465,backorder,2026-06-01T00:00:00+00:00
IN1584,backorder,2026-06-01T00:00:00+00:00
IN1609,backorder,2026-06-01T00:00:00+00:00
IN722,backorder,2026-06-01T00:00:00+00:00
IN1702,backorder,2026-06-01T00:00:00+00:00
IN1610,backorder,2026-06-01T00:00:00+00:00
IN1027,backorder,2026-06-01T00:00:00+00:00
IN1645,backorder,2026-06-01T00:00:00+00:00
IN1311,backorder,2026-06-01T00:00:00+00:00
IN1701,backorder,2026-06-01T00:00:00+00:00
IN1484,backorder,2026-06-01T00:00:00+00:00
IN1801,backorder,2026-06-01T00:00:00+00:00
IN1267,backorder,2026-06-01T00:00:00+00:00
IN1643,backorder,2026-06-01T00:00:00+00:00
IN1575,backorder,2026-06-01T00:00:00+00:00
IN1483,backorder,2026-06-01T00:00:00+00:00
IN1718,backorder,2026-06-01T00:00:00+00:00
IN1573,backorder,2026-06-01T00:00:00+00:00
IN394,backorder,2026-06-01T00:00:00+00:00
IN1576,backorder,2026-06-01T00:00:00+00:00
IN1476,backorder,2026-06-01T00:00:00+00:00
IN1577,backorder,2026-06-01T00:00:00+00:00
IN1514,backorder,2026-06-01T00:00:00+00:00
IN1542,backorder,2026-06-01T00:00:00+00:00
IN1667,backorder,2026-06-01T00:00:00+00:00
IN1503,backorder,2026-06-01T00:00:00+00:00
IN1648,backorder,2026-06-01T00:00:00+00:00
IN1423,backorder,2026-06-01T00:00:00+00:00
IN1026,backorder,2026-06-01T00:00:00+00:00
IN670,backorder,2026-06-01T00:00:00+00:00
IN1618,backorder,2026-06-01T00:00:00+00:00
IN1957,backorder,2026-06-01T00:00:00+00:00
IN1401,backorder,2026-06-01T00:00:00+00:00
IN1496,backorder,2026-06-01T00:00:00+00:00
IN1654,backorder,2026-06-01T00:00:00+00:00
IN1474,backorder,2026-06-01T00:00:00+00:00
IN1574,backorder,2026-06-01T00:00:00+00:00
IN395,backorder,2026-06-01T00:00:00+00:00
IN1655,backorder,2026-06-01T00:00:00+00:00
IN1583,backorder,2026-06-01T00:00:00+00:00
IN1554,backorder,2026-06-01T00:00:00+00:00
IN996,backorder,2026-06-01T00:00:00+00:00
IN376,backorder,2026-06-01T00:00:00+00:00
IN449,backorder,2026-06-01T00:00:00+00:00
IN2049,backorder,2026-06-01T00:00:00+00:00
IN1556,backorder,2026-06-01T00:00:00+00:00
IN1516,backorder,2026-06-01T00:00:00+00:00
IN537,backorder,2026-06-01T00:00:00+00:00
IN993,backorder,2026-06-01T00:00:00+00:00
IN3701,backorder,2026-06-01T00:00:00+00:00
IN1051,backorder,2026-06-01T00:00:00+00:00
IN748,backorder,2026-06-01T00:00:00+00:00
IN3664,backorder,2026-06-01T00:00:00+00:00
IN330,backorder,2026-06-01T00:00:00+00:00
IN1512,backorder,2026-06-01T00:00:00+00:00
IN3702,backorder,2026-06-01T00:00:00+00:00
IN1443,backorder,2026-06-01T00:00:00+00:00
IN961,backorder,2026-06-01T00:00:00+00:00
IN1572,backorder,2026-06-01T00:00:00+00:00
IN994,backorder,2026-06-01T00:00:00+00:00
IN448,backorder,2026-06-01T00:00:00+00:00
ASB307,backorder,2026-06-01T00:00:00+00:00
IN1467,backorder,2026-06-01T00:00:00+00:00
IN335,backorder,2026-06-01T00:00:00+00:00
IN1579,backorder,2026-06-01T00:00:00+00:00
IN1559,backorder,2026-06-01T00:00:00+00:00
IN1619,backorder,2026-06-01T00:00:00+00:00
IN1553,backorder,2026-06-01T00:00:00+00:00
IN473,backorder,2026-06-01T00:00:00+00:00
IN749,backorder,2026-06-01T00:00:00+00:00
IN1455,backorder,2026-06-01T00:00:00+00:00
IN331,backorder,2026-06-01T00:00:00+00:00
IN332,backorder,2026-06-01T00:00:00+00:00
IN530,backorder,2026-06-01T00:00:00+00:00
IN1570,backorder,2026-06-01T00:00:00+00:00
IN446,backorder,2026-06-01T00:00:00+00:00
IN1798,backorder,2026-06-01T00:00:00+00:00
IN676,backorder,2026-06-01T00:00:00+00:00
IN1510,backorder,2026-06-01T00:00:00+00:00
IN1615,backorder,2026-06-01T00:00:00+00:00
IN378,backorder,2026-06-01T00:00:00+00:00
IN1466,backorder,2026-06-01T00:00:00+00:00
IN1102,backorder,2026-06-01T00:00:00+00:00
IN667,backorder,2026-06-01T00:00:00+00:00
IN666,backorder,2026-06-01T00:00:00+00:00
IN1409,backorder,2026-06-01T00:00:00+00:00
IN1672,backorder,2026-06-01T00:00:00+00:00
IN1454,backorder,2026-06-01T00:00:00+00:00
IN1677,backorder,2026-06-01T00:00:00+00:00
IN1420,backorder,2026-06-01T00:00:00+00:00
IN1407,backorder,2026-06-01T00:00:00+00:00
IN1437,backorder,2026-06-01T00:00:00+00:00
IN1713,backorder,2026-06-01T00:00:00+00:00
IN3699,backorder,2026-06-01T00:00:00+00:00
IN3892,backorder,2026-06-01T00:00:00+00:00
IN3865,backorder,2026-06-01T00:00:00+00:00
IN3867,backorder,2026-06-01T00:00:00+00:00
IN3861,backorder,2026-06-01T00:00:00+00:00
IN3151,backorder,2026-06-01T00:00:00+00:00
IN3802,backorder,2026-06-01T00:00:00+00:00
IN3866,backorder,2026-06-01T00:00:00+00:00
IN3862,backorder,2026-06-01T00:00:00+00:00
IN3798,backorder,2026-06-01T00:00:00+00:00
IN3847,backorder,2026-06-01T00:00:00+00:00
IN3832,backorder,2026-06-01T00:00:00+00:00
IN3837,backorder,2026-06-01T00:00:00+00:00
IN3873,backorder,2026-06-01T00:00:00+00:00
IN3840,backorder,2026-06-01T00:00:00+00:00
IN3877,backorder,2026-06-01T00:00:00+00:00
IN3845,backorder,2026-06-01T00:00:00+00:00
IN3863,backorder,2026-06-01T00:00:00+00:00
IN3872,backorder,2026-06-01T00:00:00+00:00
IN3823,backorder,2026-06-01T00:00:00+00:00
IN3825,backorder,2026-06-01T00:00:00+00:00
IN3888,backorder,2026-06-01T00:00:00+00:00
IN3796,backorder,2026-06-01T00:00:00+00:00
IN3808,backorder,2026-06-01T00:00:00+00:00
IN3810,backorder,2026-06-01T00:00:00+00:00
IN3805,backorder,2026-06-01T00:00:00+00:00
IN3934,backorder,2026-06-01T00:00:00+00:00
IN3853,backorder,2026-06-01T00:00:00+00:00
IN3800,backorder,2026-06-01T00:00:00+00:00
IN3913,backorder,2026-06-01T00:00:00+00:00
IN3812,backorder,2026-06-01T00:00:00+00:00
IN3830,backorder,2026-06-01T00:00:00+00:00
IN3931,backorder,2026-06-01T00:00:00+00:00
IN3933,backorder,2026-06-01T00:00:00+00:00
IN3138,backorder,2026-06-01T00:00:00+00:00
IN3849,backorder,2026-06-01T00:00:00+00:00
IN3821,backorder,2026-06-01T00:00:00+00:00
IN3833,backorder,2026-06-01T00:00:00+00:00
IN3793,backorder,2026-06-01T00:00:00+00:00
IN3876,backorder,2026-06-01T00:00:00+00:00
IN3868,backorder,2026-06-01T00:00:00+00:00
IN3864,backorder,2026-06-01T00:00:00+00:00
IN3881,backorder,2026-06-01T00:00:00+00:00
IN3937,backorder,2026-06-01T00:00:00+00:00
IN3842,backorder,2026-06-01T00:00:00+00:00
IN1271,backorder,2026-06-01T00:00:00+00:00
IN3932,backorder,2026-06-01T00:00:00+00:00
IN3852,backorder,2026-06-01T00:00:00+00:00
IN3826,backorder,2026-06-01T00:00:00+00:00
IN1275,backorder,2026-06-01T00:00:00+00:00
IN3880,backorder,2026-06-01T00:00:00+00:00
IN1018,backorder,2026-06-01T00:00:00+00:00
IN3860,backorder,2026-06-01T00:00:00+00:00
IN3870,backorder,2026-06-01T00:00:00+00:00
IN3838,backorder,2026-06-01T00:00:00+00:00
IN3057,backorder,2026-06-01T00:00:00+00:00
IN3799,backorder,2026-06-01T00:00:00+00:00
IN1017,backorder,2026-06-01T00:00:00+00:00
IN3856,backorder,2026-06-01T00:00:00+00:00
IN1079,backorder,2026-06-01T00:00:00+00:00
IN3765,backorder,2026-06-01T00:00:00+00:00
IN3768,backorder,2026-06-01T00:00:00+00:00
IN3766,backorder,2026-06-01T00:00:00+00:00
IN3761,backorder,2026-06-01T00:00:00+00:00
IN3893,backorder,2026-06-01T00:00:00+00:00
IN3895,backorder,2026-06-01T00:00:00+00:00
IN3763,backorder,2026-06-01T00:00:00+00:00
IN3786,backorder,2026-06-01T00:00:00+00:00
IN3899,backorder,2026-06-01T00:00:00+00:00
IN3724,backorder,2026-06-01T00:00:00+00:00
IN3896,backorder,2026-06-01T00:00:00+00:00
IN3790,backorder,2026-06-01T00:00:00+00:00
IN3777,backorder,2026-06-01T00:00:00+00:00
IN3780,backorder,2026-06-01T00:00:00+00:00
IN3770,backorder,2026-06-01T00:00:00+00:00
IN3776,backorder,2026-06-01T00:00:00+00:00
IN3778,backorder,2026-06-01T00:00:00+00:00
IN3773,backorder,2026-06-01T00:00:00+00:00
IN3774,backorder,2026-06-01T00:00:00+00:00
IN3775,backorder,2026-06-01T00:00:00+00:00
BUNK-CRIS-WHITE-R- FM,backorder,2026-06-01T00:00:00+00:00
BUNK-CRIS-GRAPHITE-R-NM,backorder,2026-06-01T00:00:00+00:00
BUNK-CRIS-GRAPHITE-R- FM,backorder,2026-06-01T00:00:00+00:00
BUNK-CRIS-GREY-R-NM,backorder,2026-06-01T00:00:00+00:00
BUNK-CRIS-GREY-R-FM,backorder,2026-06-01T00:00:00+00:00
BUNK-CRIS-WHITE-R- BM,backorder,2026-06-01T00:00:00+00:00
BUNK-CRIS-GREY-R-BM,backorder,2026-06-01T00:00:00+00:00
BUNK-CRIS-GRAPHITE-R-BM,backorder,2026-06-01T00:00:00+00:00
BUNK-CRIS-PINE-R-NM,backorder,2026-06-01T00:00:00+00:00
BUNK-CRIS-PINE-R-BM,backorder,2026-06-01T00:00:00+00:00
BUNK-CRIS-PINE-R-FM,backorder,2026-06-01T00:00:00+00:00
BUNK-IGA-GREY-NM,backorder,2026-06-01T00:00:00+00:00
BUNK-IGA-GREY-FM,backorder,2026-06-01T00:00:00+00:00
BUNK-IGA-GREY-BM,backorder,2026-06-01T00:00:00+00:00
BUNK-IGA-PINE-NM,backorder,2026-06-01T00:00:00+00:00
BUNK-IGA-PINE-FM,backorder,2026-06-01T00:00:00+00:00
BUNK-IGA-PINE-BM,backorder,2026-06-01T00:00:00+00:00
BUNK-IGA-WHITE-NM,backorder,2026-06-01T00:00:00+00:00
BUNK-IGA-WHITE-FM,backorder,2026-06-01T00:00:00+00:00
BUNK-IGA-WHITE-BM,backorder,2026-06-01T00:00:00+00:00
BUNK-IGA-GRAPHITE-NM,backorder,2026-06-01T00:00:00+00:00
BUNK-IGA-GRAPHITE-FM,backorder,2026-06-01T00:00:00+00:00
BUNK-IGA-GRAPHITE-BM,backorder,2026-06-01T00:00:00+00:00
BED CONCEPT BC-19-BE-WM,backorder,2026-06-01T00:00:00+00:00
BED CONCEPT BC-19-BB-WM,backorder,2026-06-01T00:00:00+00:00
BED CONCEPT BC-19-GRA-WM,backorder,2026-06-01T00:00:00+00:00
BED CONCEPT BC-19-N-WM,backorder,2026-06-01T00:00:00+00:00
BED CONCEPT BC-19-GRE-WM,backorder,2026-06-01T00:00:00+00:00
BED CONCEPT BC-18-BB-WM,backorder,2026-06-01T00:00:00+00:00
BED CONCEPT BC-18-GRA-WM,backorder,2026-06-01T00:00:00+00:00
BED CONCEPT BC-18-N-WM,backorder,2026-06-01T00:00:00+00:00
BED CONCEPT BC-18-GRE-WM,backorder,2026-06-01T00:00:00+00:00
BUNK-ADAS-WHITE-R-NM,backorder,2026-06-01T00:00:00+00:00
BUNK-ADAS-WHITE-R-FM,backorder,2026-06-01T00:00:00+00:00
BUNK-ADAS-GRAPHITE-R-NM,backorder,2026-06-01T00:00:00+00:00
BUNK-ADAS-GRAPHITE-R-FM,backorder,2026-06-01T00:00:00+00:00
BUNK-ADAS-PINE-R-NM,backorder,2026-06-01T00:00:00+00:00
BUNK-ADAS-PINE-R-FM,backorder,2026-06-01T00:00:00+00:00
BUNK-ADAS-WHITE-R-BM,backorder,2026-06-01T00:00:00+00:00
BUNK-ADAS-GRAPHITE-R-BM,backorder,2026-06-01T00:00:00+00:00
BUNK-ADAS-PINE-R-BM,backorder,2026-06-01T00:00:00+00:00
IN3807,backorder,2026-06-01T00:00:00+00:00
IN4030,backorder,2026-06-01T00:00:00+00:00
IN3804,backorder,2026-06-01T00:00:00+00:00
IN3982,backorder,2026-06-01T00:00:00+00:00
IN4145,backorder,2026-06-01T00:00:00+00:00
IN3979,backorder,2026-06-01T00:00:00+00:00
IN3985,backorder,2026-06-01T00:00:00+00:00
IN3143,backorder,2026-06-01T00:00:00+00:00
IN3253,backorder,2026-06-01T00:00:00+00:00
IN1603,backorder,2026-06-01T00:00:00+00:00
IN464,backorder,2026-06-01T00:00:00+00:00
IN880,backorder,2026-06-01T00:00:00+00:00
IN3554,backorder,2026-06-01T00:00:00+00:00
IN683,backorder,2026-06-01T00:00:00+00:00
IN3538,backorder,2026-06-01T00:00:00+00:00
IN1635,backorder,2026-06-01T00:00:00+00:00
IN3980,backorder,2026-06-01T00:00:00+00:00
IN3992,backorder,2026-06-01T00:00:00+00:00
IN094,backorder,2026-06-01T00:00:00+00:00
IN3947,backorder,2026-06-01T00:00:00+00:00
IN4010,backorder,2026-06-01T00:00:00+00:00
IN4011,backorder,2026-06-01T00:00:00+00:00
IN4034,backorder,2026-06-01T00:00:00+00:00
IN862,backorder,2026-06-01T00:00:00+00:00
IN4001,backorder,2026-06-01T00:00:00+00:00
IN4002,backorder,2026-06-01T00:00:00+00:00
IN3897,backorder,2026-06-01T00:00:00+00:00
IN3898,backorder,2026-06-01T00:00:00+00:00
IN4143,backorder,2026-06-01T00:00:00+00:00
IN1370,backorder,2026-06-01T00:00:00+00:00
IN4144,backorder,2026-06-01T00:00:00+00:00
IN1557,backorder,2026-06-01T00:00:00+00:00
IN2043,backorder,2026-06-01T00:00:00+00:00
IN3887,backorder,2026-06-01T00:00:00+00:00
IN1623,backorder,2026-06-01T00:00:00+00:00
IN3960,backorder,2026-06-01T00:00:00+00:00
IN2121,backorder,2026-06-01T00:00:00+00:00
IN3449,backorder,2026-06-01T00:00:00+00:00
IN3492,backorder,2026-06-01T00:00:00+00:00
IN3803,backorder,2026-06-01T00:00:00+00:00
IN4023,backorder,2026-06-01T00:00:00+00:00
IN3955,backorder,2026-06-01T00:00:00+00:00
IN3956,backorder,2026-06-01T00:00:00+00:00
IN3957,backorder,2026-06-01T00:00:00+00:00
IN3973,backorder,2026-06-01T00:00:00+00:00
IN1507,backorder,2026-06-01T00:00:00+00:00
IN3822,backorder,2026-06-01T00:00:00+00:00
IN3917,backorder,2026-06-01T00:00:00+00:00
IN016,backorder,2026-06-01T00:00:00+00:00
IN4003,backorder,2026-06-01T00:00:00+00:00
IN3924,backorder,2026-06-01T00:00:00+00:00
IN2011,backorder,2026-06-01T00:00:00+00:00
IN4146,backorder,2026-06-01T00:00:00+00:00
IN1048,backorder,2026-06-01T00:00:00+00:00
IN4084,backorder,2026-06-01T00:00:00+00:00
IN4085,backorder,2026-06-01T00:00:00+00:00
IN268,backorder,2026-06-01T00:00:00+00:00
IN3633,backorder,2026-06-01T00:00:00+00:00
IN3941,backorder,2026-06-01T00:00:00+00:00
IN1732,backorder,2026-06-01T00:00:00+00:00
IN4024,backorder,2026-06-01T00:00:00+00:00
IN3999,backorder,2026-06-01T00:00:00+00:00
IN2053,backorder,2026-06-01T00:00:00+00:00
IN3939,backorder,2026-06-01T00:00:00+00:00
IN216,backorder,2026-06-01T00:00:00+00:00
IN1838,backorder,2026-06-01T00:00:00+00:00
IN3920,backorder,2026-06-01T00:00:00+00:00
IN3921,backorder,2026-06-01T00:00:00+00:00
IN3988,backorder,2026-06-01T00:00:00+00:00
IN3918,backorder,2026-06-01T00:00:00+00:00
IN2005,backorder,2026-06-01T00:00:00+00:00
IN4114,backorder,2026-06-01T00:00:00+00:00
IN3631,backorder,2026-06-01T00:00:00+00:00
IN2068,backorder,2026-06-01T00:00:00+00:00
IN4007,backorder,2026-06-01T00:00:00+00:00
IN3970,backorder,2026-06-01T00:00:00+00:00
IN3922,backorder,2026-06-01T00:00:00+00:00
IN4139,backorder,2026-06-01T00:00:00+00:00
IN3974,backorder,2026-06-01T00:00:00+00:00
IN4095,backorder,2026-06-01T00:00:00+00:00
IN4078,backorder,2026-06-01T00:00:00+00:00
IN3977,backorder,2026-06-01T00:00:00+00:00
IN4018,backorder,2026-06-01T00:00:00+00:00
IN4052,backorder,2026-06-01T00:00:00+00:00
IN3961,backorder,2026-06-01T00:00:00+00:00
IN3962,backorder,2026-06-01T00:00:00+00:00
IN4089,backorder,2026-06-01T00:00:00+00:00
IN4134,backorder,2026-06-01T00:00:00+00:00
IN2051,backorder,2026-06-01T00:00:00+00:00
IN3927,backorder,2026-06-01T00:00:00+00:00
IN4031,backorder,2026-06-01T00:00:00+00:00
IN3972,backorder,2026-06-01T00:00:00+00:00
IN4049,backorder,2026-06-01T00:00:00+00:00
IN1843,backorder,2026-06-01T00:00:00+00:00
IN4112,backorder,2026-06-01T00:00:00+00:00
IN4124,backorder,2026-06-01T00:00:00+00:00
IN4094,backorder,2026-06-01T00:00:00+00:00
IN4020,backorder,2026-06-01T00:00:00+00:00
IN4076,backorder,2026-06-01T00:00:00+00:00
IN3998,backorder,2026-06-01T00:00:00+00:00
IN4013,backorder,2026-06-01T00:00:00+00:00
IN4035,backorder,2026-06-01T00:00:00+00:00
IN4100,backorder,2026-06-01T00:00:00+00:00
IN4132,backorder,2026-06-01T00:00:00+00:00
IN3963,backorder,2026-06-01T00:00:00+00:00
IN3949,backorder,2026-06-01T00:00:00+00:00
IN4046,backorder,2026-06-01T00:00:00+00:00
IN4045,backorder,2026-06-01T00:00:00+00:00
IN4090,backorder,2026-06-01T00:00:00+00:00
IN4148,backorder,2026-06-01T00:00:00+00:00
IN3950,backorder,2026-06-01T00:00:00+00:00
IN4096,backorder,2026-06-01T00:00:00+00:00
IN4077,backorder,2026-06-01T00:00:00+00:00
IN4149,backorder,2026-06-01T00:00:00+00:00
IN3948,backorder,2026-06-01T00:00:00+00:00
IN3919,backorder,2026-06-01T00:00:00+00:00
IN3953,backorder,2026-06-01T00:00:00+00:00
IN1440,backorder,2026-06-01T00:00:00+00:00
IN3951,backorder,2026-06-01T00:00:00+00:00
IN3954,backorder,2026-06-01T00:00:00+00:00
IN3952,backorder,2026-06-01T00:00:00+00:00
IN2009,backorder,2026-06-01T00:00:00+00:00
IN2070,backorder,2026-06-01T00:00:00+00:00
IN3204,backorder,2026-06-01T00:00:00+00:00
IN4050,backorder,2026-06-01T00:00:00+00:00
IN4157,backorder,2026-06-01T00:00:00+00:00
IN4189,backorder,2026-06-01T00:00:00+00:00
IN4191,backorder,2026-06-01T00:00:00+00:00
IN4192,backorder,2026-06-01T00:00:00+00:00
IN4193,backorder,2026-06-01T00:00:00+00:00
IN4194,backorder,2026-06-01T00:00:00+00:00
IN4195,backorder,2026-06-01T00:00:00+00:00
IN4200,backorder,2026-06-01T00:00:00+00:00
IN4201,backorder,2026-06-01T00:00:00+00:00
IN4205,backorder,2026-06-01T00:00:00+00:00
IN4217,backorder,2026-06-01T00:00:00+00:00
IN4130,backorder,2026-06-01T00:00:00+00:00
IN4178,backorder,2026-06-01T00:00:00+00:00
IN4202,backorder,2026-06-01T00:00:00+00:00
IN4208,backorder,2026-06-01T00:00:00+00:00
IN4211,backorder,2026-06-01T00:00:00+00:00
IN4051,backorder,2026-06-01T00:00:00+00:00
IN4133,backorder,2026-06-01T00:00:00+00:00
IN4199,backorder,2026-06-01T00:00:00+00:00
IN4209,backorder,2026-06-01T00:00:00+00:00
IN4210,backorder,2026-06-01T00:00:00+00:00
IN4226,backorder,2026-06-01T00:00:00+00:00
IN4227,backorder,2026-06-01T00:00:00+00:00
IN4228,backorder,2026-06-01T00:00:00+00:00
IN4229,backorder,2026-06-01T00:00:00+00:00
IN4230,backorder,2026-06-01T00:00:00+00:00
IN4322,backorder,2026-06-01T00:00:00+00:00
IN4323,backorder,2026-06-01T00:00:00+00:00
IN4338,backorder,2026-06-01T00:00:00+00:00
IN4340,backorder,2026-06-01T00:00:00+00:00
IN4341,backorder,2026-06-01T00:00:00+00:00
IN4342,backorder,2026-06-01T00:00:00+00:00
IN4343,backorder,2026-06-01T00:00:00+00:00
IN4344,backorder,2026-06-01T00:00:00+00:00
IN4345,backorder,2026-06-01T00:00:00+00:00
IN4346,backorder,2026-06-01T00:00:00+00:00
IN4347,backorder,2026-06-01T00:00:00+00:00
IN4348,backorder,2026-06-01T00:00:00+00:00
IN4349,backorder,2026-06-01T00:00:00+00:00
IN4350,backorder,2026-06-01T00:00:00+00:00
IN4351,backorder,2026-06-01T00:00:00+00:00
IN4352,backorder,2026-06-01T00:00:00+00:00
IN4353,backorder,2026-06-01T00:00:00+00:00
IN4354,backorder,2026-06-01T00:00:00+00:00
IN4355,backorder,2026-06-01T00:00:00+00:00